Date;Open Price;High Price;Low Price;Close Price;WAP;No.of Shares;No. of Trades;Total Turnover (Rs.);Deliverable Quantity;% Deli. Qty to Traded Qty;Spread High-Low;Spread Close-Open
11-Feb-19;484.00;487.50;436.00;436.00;446.920.881.622.156.000.000;230212;8265;102886550.00;86920;37.76;51.50;-48.00
08-Feb-19;514.00;519.90;480.05;484.40;494.666.149.340.172.000.000;211343;6657;104544228.00;49271;23.31;39.85;-29.60
07-Feb-19;513.90;526.00;503.40;511.90;515.771.264.535.307.000.000;171565;5702;88488297.00;40682;23.71;22.60;-2.00
06-Feb-19;527.00;568.00;502.80;515.95;531.097.387.652.217.000.000;570483;18958;302982031.00;61351;10.75;65.20;-11.05
05-Feb-19;525.00;539.95;507.00;518.45;524.416.612.100.035.000.000;181735;5903;95304853.00;31996;17.61;32.95;-6.55
04-Feb-19;548.50;548.50;512.00;523.40;523.126.970.323.455.000.000;182838;6314;95647489.00;37951;20.76;36.50;-25.10
01-Feb-19;604.00;622.10;547.20;558.40;578.714.247.859.783.000.000;1018939;31900;589674517.00;159533;15.66;74.90;-45.60
31-Jan-19;535.10;565.55;530.00;565.55;558.978.371.681.950.000.000;330955;7202;184996687.00;65751;19.87;35.55;30.45
30-Jan-19;483.10;514.15;482.40;514.15;504.628.962.313.791.000.000;496017;12917;250304544.00;73391;14.80;31.75;31.05
29-Jan-19;490.00;498.75;459.30;467.45;474.515.549.962.939.000.000;580130;18635;275280706.00;82463;14.21;39.45;-22.55
28-Jan-19;525.00;537.95;470.00;500.85;510.931.982.860.181.000.000;671419;21650;343049441.00;89849;13.38;67.95;-24.15
25-Jan-19;625.00;639.65;544.50;552.20;578.427.115.803.510.000.000;881899;33009;510114295.00;178510;20.24;95.15;-72.80
24-Jan-19;675.00;678.90;616.00;624.65;636.968.598.001.335.000.000;357939;14723;227995903.00;95134;26.58;62.90;-50.35
23-Jan-19;680.40;698.50;668.50;671.20;681.069.011.730.019.000.000;141773;5173;96557197.00;43646;30.79;30.00;-9.20
22-Jan-19;687.00;696.85;675.00;679.15;682.242.011.377.203.000.000;142390;5689;97144440.00;37129;26.08;21.85;-7.85
21-Jan-19;701.00;721.45;681.00;684.05;696.424.441.108.416.000.000;233811;8711;162831695.00;45502;19.46;40.45;-16.95
18-Jan-19;734.00;737.00;698.00;700.00;712.580.059.347.729.000.000;216352;7698;154168121.00;55161;25.50;39.00;-34.00
17-Jan-19;756.90;777.50;724.00;731.05;750.270.938.413.501.000.000;341406;12759;256147000.00;69594;20.38;53.50;-25.85
16-Jan-19;700.00;799.70;690.00;752.50;767.141.330.709.029.000.000;770236;27149;590879870.00;115367;14.98;109.70;52.50
15-Jan-19;705.00;708.15;690.70;694.65;698.300.943.977.016.000.000;77968;2669;54445128.00;26184;33.58;17.45;-10.35
14-Jan-19;725.55;725.55;705.00;706.95;713.234.266.894.738.000.000;78338;2284;55873346.00;26681;34.06;20.55;-18.60
11-Jan-19;730.00;730.00;719.00;720.15;722.842.004.716.277.000.000;33501;1210;24215930.00;11733;35.02;11.00;-9.85
10-Jan-19;721.00;734.30;721.00;724.55;726.783.727.271.206.000.000;59781;2447;43447858.00;18373;30.73;13.30;3.55
09-Jan-19;726.00;729.80;721.00;723.40;724.471.142.020.170.000.000;44719;1748;32397625.00;13285;29.71;8.80;-2.60
08-Jan-19;722.60;735.60;715.05;718.70;724.382.855.787.079.000.000;71651;2501;51902756.00;19947;27.84;20.55;-3.90
07-Jan-19;733.00;744.90;720.00;722.60;728.828.603.991.934.000.000;68438;2321;49879572.00;26434;38.62;24.90;-10.40
04-Jan-19;743.00;747.25;722.00;729.75;733.645.906.658.880.000.000;63359;2481;46483071.00;18422;29.08;25.25;-13.25
03-Jan-19;752.95;759.75;733.10;739.10;748.395.597.467.755.000.000;38069;1676;28490672.00;13713;36.02;26.65;-13.85
02-Jan-19;755.00;764.00;747.00;748.75;752.867.324.951.360.000.000;47801;2029;35987811.00;17805;37.25;17.00;-6.25
01-Jan-19;757.00;763.60;747.00;755.25;756.992.467.487.875.000.000;46598;1839;35274335.00;12535;26.90;16.60;-1.75
31-Dec-18;774.90;778.15;753.00;756.45;763.406.207.508.128.000.000;84575;3046;64565080.00;26646;31.51;25.15;-18.45
28-Dec-18;774.00;778.95;761.05;769.70;770.850.930.382.385.000.000;52774;2279;40680887.00;14488;27.45;17.90;-4.30
27-Dec-18;760.00;781.70;760.00;772.75;774.664.916.377.256.000.000;84367;3709;65356155.00;22779;27.00;21.70;12.75
26-Dec-18;750.00;775.05;708.55;753.35;741.329.393.380.328.000.000;290528;10827;215376946.00;35868;12.35;66.50;3.35
24-Dec-18;798.80;798.80;751.15;753.95;765.499.009.009.009.000.000;133200;8232;101964468.00;45976;34.52;47.65;-44.85
21-Dec-18;828.75;829.70;791.10;795.30;806.536.303.044.232.000.000;143583;4502;115804902.00;57933;40.35;38.60;-33.45
20-Dec-18;838.65;855.25;825.00;828.80;837.901.639.783.147.000.000;74705;2710;62595442.00;24295;32.52;30.25;-9.85
19-Dec-18;850.00;853.90;838.65;842.20;844.223.820.078.002.000.000;58203;2653;49136359.00;21308;36.61;15.25;-7.80
18-Dec-18;875.00;877.70;849.00;855.55;865.596.716.181.167.000.000;233265;4286;201913418.00;39956;17.13;28.70;-19.45
17-Dec-18;863.00;868.80;846.70;848.50;853.986.171.003.717.000.000;40350;1692;34458342.00;16362;40.55;22.10;-14.50
14-Dec-18;875.00;884.80;860.10;863.40;869.394.106.167.912.000.000;45607;1846;39650457.00;14394;31.56;24.70;-11.60
13-Dec-18;888.00;893.90;872.40;875.10;881.909.570.015.220.000.000;52560;1573;46353167.00;20137;38.31;21.50;-12.90
12-Dec-18;898.00;908.80;878.50;881.00;890.562.968.868.916.000.000;55186;2096;49146608.00;19913;36.08;30.30;-17.00
11-Dec-18;885.00;903.95;876.85;887.85;893.567.639.561.852.000.000;43547;1902;38912190.00;11531;26.48;27.10;2.85
10-Dec-18;880.00;900.55;863.80;896.35;892.008.228.759.514.000.000;43749;2364;39024468.00;13769;31.47;36.75;16.35
07-Dec-18;873.80;901.95;869.95;890.20;888.959.038.187.353.000.000;77853;3524;69208128.00;17519;22.50;32.00;16.40
06-Dec-18;881.00;882.50;850.00;863.80;863.758.771.411.695.000.000;67720;2827;58493744.00;19355;28.58;32.50;-17.20
05-Dec-18;908.00;909.95;880.00;882.95;892.729.210.054.729.000.000;61941;2425;55296540.00;20117;32.48;29.95;-25.05
04-Dec-18;934.80;935.85;915.05;917.20;923.356.254.387.196.000.000;35615;1281;32885333.00;11931;33.50;20.80;-17.60
03-Dec-18;935.00;944.30;925.25;929.50;932.761.142.140.658.000.000;35092;1270;32732454.00;12769;36.39;19.05;-5.50
30-Nov-18;938.05;949.10;930.00;932.45;937.061.338.101.825.000.000;29639;1520;27773561.00;8269;27.90;19.10;-5.60
29-Nov-18;928.00;949.70;920.30;932.50;935.227.854.032.302.000.000;36282;1442;33931937.00;6686;18.43;29.40;4.50
28-Nov-18;949.00;954.90;920.00;922.90;937.438.592.203.348.000.000;40915;1996;38355300.00;15811;38.64;34.90;-26.10
27-Nov-18;936.20;969.00;928.00;943.90;952.531.849.605.602.000.000;55401;2782;52771217.00;9686;17.48;41.00;7.70
26-Nov-18;959.90;961.75;932.25;936.60;942.800.583.351.286.000.000;60341;2426;56889530.00;16093;26.67;29.50;-23.30
22-Nov-18;979.00;979.00;950.00;954.65;962.265.614.365.740.000.000;38202;1868;36760471.00;13497;35.33;29.00;-24.35
21-Nov-18;975.00;984.50;971.50;973.40;976.598.013.750.954.000.000;26180;1263;25567336.00;8291;31.67;13.00;-1.60
20-Nov-18;982.00;990.00;972.40;978.75;982.248.101.725.703.000.000;55050;2157;54072758.00;15388;27.95;17.60;-3.25
19-Nov-18;975.00;988.55;965.50;968.45;978.542.650.230.515.000.000;50539;2326;49454567.00;13426;26.57;23.05;-6.55
16-Nov-18;987.00;991.45;966.95;972.50;978.690.730.966.195.000.000;76351;3129;74724016.00;27533;36.06;24.50;-14.50
15-Nov-18;989.95;992.25;964.70;984.55;984.906.931.786.799.000.000;32589;1394;32097132.00;9072;27.84;27.55;-5.40
14-Nov-18;1019.60;1019.60;996.00;999.30;1.004.604.677.677.310.000.000;63151;2042;63441790.00;24825;39.31;23.60;-20.30
13-Nov-18;997.00;1016.00;990.70;1009.45;1.005.142.873.525.320.000.000;69761;3022;70119772.00;25930;37.17;25.30;12.45
12-Nov-18;999.00;1022.00;994.00;997.45;1.006.779.997.210.800.000.000;93217;4087;93849011.00;27333;29.32;28.00;-1.55
09-Nov-18;1008.00;1008.00;982.85;994.80;994.315.756.759.556.000.000;67571;2795;67186910.00;21068;31.18;25.15;-13.20
07-Nov-18;998.00;1000.60;991.00;995.30;995.630.250.906.247.000.000;42207;1591;42022566.00;20698;49.04;9.60;-2.70
06-Nov-18;978.90;999.00;953.90;981.05;982.559.450.694.597.000.000;194573;9569;191179540.00;31579;16.23;45.10;2.15
05-Nov-18;980.00;996.00;954.40;969.90;973.899.163.650.658.000.000;73773;4155;71847463.00;24641;33.40;41.60;-10.10
02-Nov-18;1004.00;1006.05;973.45;976.50;989.221.052.126.562.000.000;83374;3990;82475316.00;31875;38.23;32.60;-27.50
01-Nov-18;1000.00;1034.25;974.15;996.05;1.007.261.527.344.750.000.000;197899;9121;199336049.00;41465;20.95;60.10;-3.95
31-Oct-18;971.90;971.90;941.75;953.05;957.898.362.399.787.000.000;78957;3420;75632781.00;18454;23.37;30.15;-18.85
30-Oct-18;971.00;991.90;962.00;966.35;976.789.056.304.520.000.000;136188;5532;133026948.00;33309;24.46;29.90;-4.65
29-Oct-18;970.35;970.35;922.00;960.70;958.387.083.680.055.000.000;394168;9673;377765520.00;86268;21.89;48.35;-9.65
26-Oct-18;943.90;964.25;915.00;924.15;944.253.720.864.925.000.000;78342;3561;73974725.00;15931;20.34;49.25;-19.75
25-Oct-18;900.00;955.65;885.00;942.55;922.989.486.570.946.000.000;93119;4466;85947858.00;20059;21.54;70.65;42.55
24-Oct-18;968.00;976.30;915.00;922.15;937.887.030.388.835.000.000;98885;4781;92742959.00;23164;23.43;61.30;-45.85
23-Oct-18;988.00;1026.95;955.90;959.35;980.239.965.911.139.000.000;122034;4895;119622604.00;28882;23.67;71.05;-28.65
22-Oct-18;1047.20;1060.00;995.05;1006.20;1.028.826.893.898.750.000.000;65249;2972;67129926.00;20117;30.83;64.95;-41.00
19-Oct-18;1020.05;1050.00;985.75;1036.05;1.019.614.545.519.890.000.000;111292;5597;113474942.00;25281;22.72;64.25;16.00
17-Oct-18;1058.15;1058.15;978.85;1010.65;1.036.887.412.508.560.000.000;115297;3770;119550008.00;31711;27.50;79.30;-47.50
16-Oct-18;1007.80;1007.80;980.00;1007.80;1.001.179.086.715.330.000.000;156293;3839;156477283.00;45632;29.20;27.80;0.00
15-Oct-18;959.85;959.85;959.85;959.85;959.849.912.302.681.000.000;7982;207;7661522.00;7974;99.90;0.00;0.00
12-Oct-18;914.15;914.15;914.15;914.15;914.149.905.123.339.000.000;2635;127;2408785.00;2635;100.00;0.00;0.00
11-Oct-18;870.65;870.65;870.50;870.65;870.649.516.381.027.000.000;83847;808;73001350.00;59345;70.78;0.15;0.00
10-Oct-18;824.60;829.20;824.60;829.20;828.023.454.446.854.000.000;7376;180;6107501.00;7278;98.67;4.60;4.60
09-Oct-18;790.00;808.00;783.00;789.75;794.188.053.773.296.000.000;52368;1964;41590040.00;12863;24.56;25.00;-0.25
08-Oct-18;803.00;816.95;765.00;786.85;792.715.605.221.980.000.000;85638;3696;67886579.00;19182;22.40;51.95;-16.15
05-Oct-18;815.00;825.00;790.00;803.55;812.856.587.854.737.000.000;59974;2956;48750261.00;16883;28.15;35.00;-11.45
04-Oct-18;835.00;837.00;806.50;812.80;818.483.046.355.351.000.000;58483;2556;47867344.00;15632;26.73;30.50;-22.20
03-Oct-18;865.00;871.10;822.00;848.75;852.861.918.538.602.000.000;66019;3201;56305091.00;17799;26.96;49.10;-16.25
01-Oct-18;852.00;869.90;806.00;852.05;831.710.349.149.677.000.000;105313;5452;87589912.00;22417;21.29;63.90;0.05
28-Sep-18;815.00;848.00;780.00;841.40;816.986.269.524.155.000.000;151415;4711;123703976.00;45090;29.78;68.00;26.40
27-Sep-18;820.00;859.55;804.50;807.65;831.180.094.031.396.000.000;87843;3446;73013353.00;22861;26.02;55.05;-12.35
26-Sep-18;850.00;894.40;835.00;843.15;859.527.942.161.297.000.000;73169;3357;62890800.00;20188;27.59;59.40;-6.85
25-Sep-18;899.50;899.50;856.65;856.65;861.123.591.893.593.000.000;223971;4221;192866712.00;98905;44.16;42.85;-42.85
24-Sep-18;954.10;956.90;901.45;901.70;916.490.853.071.442.000.000;77895;3357;71390055.00;31567;40.53;55.45;-52.40
21-Sep-18;916.00;978.00;905.75;948.85;942.644.637.182.131.000.000;184707;7047;174113063.00;50881;27.55;72.25;32.85
19-Sep-18;991.00;998.65;941.40;953.40;974.805.944.688.550.000.000;58035;2370;56572863.00;14144;24.37;57.25;-37.60
18-Sep-18;998.00;1012.00;982.00;985.80;997.884.891.980.744.000.000;68136;2287;67991885.00;14109;20.71;30.00;-12.20
17-Sep-18;1004.95;1013.20;988.00;992.10;998.406.377.860.986.000.000;40327;1602;40262734.00;8698;21.57;25.20;-12.85
14-Sep-18;1018.00;1019.20;1000.25;1001.60;1.006.359.117.827.240.000.000;48970;1377;49281406.00;23610;48.21;18.95;-16.40
12-Sep-18;1005.00;1016.00;996.15;1010.50;1.005.519.952.013.190.000.000;66685;2373;67053098.00;14611;21.91;19.85;5.50
11-Sep-18;997.00;1023.10;996.80;1000.30;1.006.785.873.759.850.000.000;67633;2452;68091949.00;17557;25.96;26.30;3.30
10-Sep-18;992.50;1013.45;990.10;993.30;998.650.212.180.295.000.000;43595;1826;43536156.00;15310;35.12;23.35;0.80
07-Sep-18;1025.00;1025.00;968.20;990.60;990.381.234.808.631.000.000;147699;5075;146278318.00;37288;25.25;56.80;-34.40
06-Sep-18;1023.95;1029.00;1005.35;1015.40;1.017.823.198.562.440.000.000;55650;2277;56641861.00;14650;26.33;23.65;-8.55
05-Sep-18;1009.90;1030.00;986.60;1016.15;1.000.877.153.167.370.000.000;70942;2087;71004227.00;22409;31.59;43.40;6.25
04-Sep-18;1012.00;1019.00;988.15;997.95;1.002.086.135.037.510.000.000;57584;2118;57704128.00;12457;21.63;30.85;-14.05
03-Sep-18;1041.00;1049.90;1007.25;1010.30;1.025.969.996.738.770.000.000;73592;2862;75503184.00;21628;29.39;42.65;-30.70
31-Aug-18;991.00;1024.00;986.50;1012.50;1.006.012.587.373.240.000.000;71103;2563;71530513.00;22678;31.89;37.50;21.50
30-Aug-18;985.00;997.00;977.00;988.75;987.336.082.767.447.000.000;56254;2271;55541604.00;16663;29.62;20.00;3.75
29-Aug-18;1009.00;1014.65;974.45;981.35;987.652.340.911.450.000.000;96330;3461;95140550.00;27699;28.75;40.20;-27.65
28-Aug-18;1012.00;1021.00;1001.00;1011.90;1.010.427.933.350.780.000.000;57315;2121;57912677.00;16810;29.33;20.00;-0.10
27-Aug-18;1002.80;1023.60;986.00;1011.00;1.008.569.075.234.960.000.000;105443;4069;106346549.00;24064;22.82;37.60;8.20
24-Aug-18;999.00;1018.80;966.90;979.70;984.274.136.760.233.000.000;175241;6923;172485184.00;53837;30.72;51.90;-19.30
23-Aug-18;1054.90;1054.90;999.80;1000.95;1.014.412.245.698.040.000.000;142842;5753;144900674.00;45789;32.06;55.10;-53.95
21-Aug-18;1053.95;1070.00;1000.00;1052.40;1.040.621.131.701.460.000.000;153362;5983;159591738.00;26704;17.41;70.00;-1.55
20-Aug-18;1095.85;1109.65;1041.10;1041.60;1.058.242.974.951.940.000.000;136298;5712;144236401.00;57771;42.39;68.55;-54.25
17-Aug-18;1115.00;1118.65;1090.35;1095.85;1.102.320.899.269.730.000.000;69701;3279;76832869.00;15859;22.75;28.30;-19.15
16-Aug-18;1094.90;1118.45;1086.60;1106.70;1.106.998.580.748.260.000.000;83847;5122;92818510.00;33087;39.46;31.85;11.80
14-Aug-18;1105.00;1126.40;1094.00;1097.90;1.109.963.394.221.670.000.000;82446;4141;91512042.00;22843;27.71;32.40;-7.10
13-Aug-18;1089.00;1117.80;1060.00;1097.80;1.091.777.266.918.230.000.000;132239;6449;144375534.00;30056;22.73;57.80;8.80
10-Aug-18;1095.05;1125.45;1080.00;1106.80;1.111.794.481.552.710.000.000;142975;6019;158958816.00;34277;23.97;45.45;11.75
09-Aug-18;1078.00;1109.40;1072.05;1094.75;1.089.823.770.441.290.000.000;162294;6385;176871859.00;53705;33.09;37.35;16.75
08-Aug-18;982.25;1059.60;975.60;1059.60;1.042.192.023.490.120.000.000;339547;9400;353873175.00;70363;20.72;84.00;77.35
07-Aug-18;1085.00;1085.00;1009.15;1009.15;1.032.354.458.373.450.000.000;234682;8992;242275009.00;86206;36.73;75.85;-75.85
06-Aug-18;1063.00;1093.00;1056.00;1062.25;1.073.537.540.885.460.000.000;230522;7839;247474021.00;74747;32.43;37.00;-0.75
03-Aug-18;1051.80;1065.00;1030.50;1054.90;1.051.073.684.210.520.000.000;125780;4770;132204048.00;29341;23.33;34.50;3.10
02-Aug-18;1044.80;1069.50;1017.20;1038.60;1.047.122.829.551.540.000.000;337891;10843;353813380.00;86275;25.53;52.30;-6.20
01-Aug-18;1015.00;1031.00;1002.95;1018.60;1.018.535.715.678.500.000.000;153854;5314;156705794.00;32094;20.86;28.05;3.60
31-Jul-18;970.60;1021.35;965.00;1017.80;1.005.059.470.079.110.000.000;263662;5733;264995990.00;79327;30.09;56.35;47.20
30-Jul-18;989.00;989.00;961.20;972.75;975.988.236.983.654.000.000;76596;4015;74756795.00;15531;20.28;27.80;-16.25
27-Jul-18;1005.50;1006.00;975.00;977.20;984.085.703.637.646.000.000;75131;3914;73935343.00;20655;27.49;31.00;-28.30
26-Jul-18;989.40;1002.90;987.70;995.40;995.508.553.023.977.000.000;83830;3103;83453482.00;17778;21.21;15.20;6.00
25-Jul-18;975.00;1004.00;975.00;985.75;991.104.383.936.576.000.000;127146;4548;126014958.00;31055;24.42;29.00;10.75
24-Jul-18;1006.00;1006.00;963.50;968.40;978.813.249.086.635.000.000;136583;6741;133689250.00;39924;29.23;42.50;-37.60
23-Jul-18;1022.80;1028.00;990.00;1006.45;1.012.404.852.402.750.000.000;100239;4130;101482450.00;35079;35.00;38.00;-16.35
20-Jul-18;1001.00;1021.80;997.00;1016.30;1.011.694.800.708.200.000.000;92628;3745;93711266.00;25391;27.41;24.80;15.30
19-Jul-18;991.70;1004.80;972.00;997.50;992.959.565.462.753.000.000;106320;4389;105571461.00;19434;18.28;32.80;5.80
18-Jul-18;998.00;1011.90;967.00;982.10;1.000.778.722.379.840.000.000;290775;8338;291001433.00;58606;20.16;44.90;-15.90
17-Jul-18;925.00;963.75;901.95;963.75;952.122.024.797.128.000.000;132596;2939;126247572.00;23524;17.74;61.80;38.75
16-Jul-18;950.00;955.50;916.00;917.90;929.641.285.584.569.000.000;100219;3601;93167720.00;24548;24.49;39.50;-32.10
13-Jul-18;990.00;990.00;941.20;947.35;960.239.636.814.284.000.000;118617;4387;113900745.00;26334;22.20;48.80;-42.65
12-Jul-18;1009.70;1020.00;980.00;986.70;998.717.289.185.941.000.000;100693;4123;100563840.00;21450;21.30;40.00;-23.00
11-Jul-18;1009.80;1023.55;988.00;1008.30;1.005.334.332.096.860.000.000;166873;6340;167763156.00;25749;15.43;35.55;-1.50
10-Jul-18;1005.05;1027.00;1003.00;1009.80;1.014.353.986.105.760.000.000;176764;6381;179301268.00;53395;30.21;24.00;4.75
09-Jul-18;950.00;986.75;949.00;984.60;970.152.846.215.471.000.000;182242;5878;176802595.00;37142;20.38;37.75;34.60
06-Jul-18;951.00;978.70;929.15;939.80;949.201.585.147.304.000.000;133363;5334;126588371.00;24565;18.42;49.55;-11.20
05-Jul-18;954.95;1003.95;933.15;948.95;971.872.321.817.714.000.000;346457;9816;336711969.00;52983;15.29;70.80;-6.00
04-Jul-18;929.00;971.75;927.20;969.50;962.409.544.998.821.000.000;250351;5786;240940192.00;66564;26.59;44.55;40.50
03-Jul-18;888.95;926.15;865.00;925.50;909.521.738.865.885.000.000;328697;8634;298957067.00;64649;19.67;61.15;36.55
02-Jul-18;857.00;882.05;857.00;882.05;875.527.477.505.892.000.000;174379;4026;152673606.00;51306;29.42;25.05;25.05
29-Jun-18;828.90;840.05;824.00;840.05;839.617.884.552.700.000.000;134988;1622;113338339.00;27742;20.55;16.05;11.15
28-Jun-18;801.05;822.10;786.95;800.05;801.772.400.410.911.000.000;78849;2117;63218952.00;16019;20.32;35.15;-1.00
27-Jun-18;823.30;834.05;791.00;798.70;810.600.518.678.079.000.000;70564;2057;57199215.00;20224;28.66;43.05;-24.60
26-Jun-18;820.00;848.75;818.50;831.60;834.338.319.987.007.000.000;160094;4637;133572559.00;31245;19.52;30.25;11.60
25-Jun-18;778.00;820.75;778.00;820.75;814.400.502.775.219.000.000;160708;3370;130880676.00;32564;20.26;42.75;42.75
22-Jun-18;785.95;789.00;772.15;781.70;782.280.177.306.052.000.000;65198;1694;51003103.00;18310;28.08;16.85;-4.25
21-Jun-18;792.00;794.65;773.00;776.95;782.137.238.058.050.000.000;76830;2043;60091604.00;15165;19.74;21.65;-15.05
20-Jun-18;785.00;802.05;783.20;795.20;793.827.994.923.562.000.000;85887;2413;68179505.00;13318;15.51;18.85;10.20
19-Jun-18;800.00;800.05;770.05;789.70;785.915.841.539.146.000.000;109983;2841;86437382.00;22354;20.32;30.00;-10.30
18-Jun-18;815.00;826.25;798.00;800.50;810.078.258.967.629.000.000;68580;1715;55555167.00;15913;23.20;28.25;-14.50
15-Jun-18;825.00;832.10;812.45;815.60;821.591.860.225.606.000.000;82533;2001;67808441.00;21742;26.34;19.65;-9.40
14-Jun-18;820.00;833.75;811.20;826.35;825.753.644.448.519.000.000;119977;2714;99071445.00;27700;23.09;22.55;6.35
13-Jun-18;834.00;839.00;811.10;820.15;826.501.076.613.895.000.000;97528;2850;80606997.00;18060;18.52;27.90;-13.85
12-Jun-18;847.00;857.00;816.85;831.40;836.444.393.454.058.000.000;108953;3278;91133126.00;23799;21.84;40.15;-15.60
11-Jun-18;850.00;864.90;840.00;844.50;855.349.602.787.978.000.000;106744;2634;91303438.00;22429;21.01;24.90;-5.50
08-Jun-18;837.00;863.90;816.05;848.80;845.547.617.132.580.000.000;310823;7617;262815647.00;49277;15.85;47.85;11.80
07-Jun-18;821.00;838.45;816.00;838.45;830.310.126.487.012.000.000;199309;4137;165488281.00;50434;25.30;22.45;17.45
06-Jun-18;722.55;798.55;722.55;798.55;762.785.400.711.212.000.000;772202;10062;589024412.00;243973;31.59;76.00;76.00
05-Jun-18;760.55;760.55;760.55;760.55;760.549.965.659.340.000.000;11648;350;8858886.00;11520;98.90;0.00;0.00
04-Jun-18;807.00;818.70;800.55;800.55;801.173.265.992.540.000.000;185524;2018;148636869.00;143388;77.29;18.15;-6.45
01-Jun-18;842.65;877.00;842.65;842.65;847.528.045.231.792.000.000;289354;5068;245235630.00;138743;47.95;34.35;0.00
31-May-18;887.70;906.80;866.50;886.95;886.823.856.947.832.000.000;446830;9850;396259504.00;64509;14.44;40.30;-0.75
30-May-18;858.00;891.40;853.15;881.25;879.298.703.965.629.000.000;433399;9702;381087179.00;54748;12.63;38.25;23.25
29-May-18;844.00;880.00;834.25;864.55;864.478.827.017.472.000.000;567988;12419;491013600.00;85902;15.12;45.75;20.55
28-May-18;830.00;838.80;819.80;834.25;831.388.954.113.542.000.000;182276;3972;151542253.00;34015;18.66;19.00;4.25
25-May-18;822.00;836.70;805.60;821.90;820.416.557.988.937.000.000;222370;4980;182436030.00;41462;18.65;31.10;-0.10
24-May-18;832.00;841.65;800.20;814.70;820.860.745.856.353.000.000;217200;4867;178290954.00;43818;20.17;41.45;-17.30
23-May-18;825.00;853.00;817.00;826.60;837.997.470.019.434.000.000;506328;10419;424301583.00;100745;19.90;36.00;1.60
22-May-18;804.00;829.00;801.05;823.90;820.605.205.967.502.000.000;387901;8533;318313580.00;75626;19.50;27.95;19.90
21-May-18;792.65;812.00;766.75;799.50;793.333.395.762.949.000.000;416469;9965;330398766.00;65269;15.67;45.25;6.85
18-May-18;829.30;833.40;788.00;792.65;808.561.093.454.498.000.000;458437;10333;370674322.00;86095;18.78;45.40;-36.65
17-May-18;783.00;846.00;775.15;823.35;812.048.531.407.099.000.000;1329572;25974;1079676990.00;200491;15.08;70.85;40.35
16-May-18;745.00;778.00;742.00;772.40;764.161.252.285.592.000.000;502058;10677;383653270.00;100728;20.06;36.00;27.40
15-May-18;744.00;763.80;742.75;750.30;753.157.480.459.208.000.000;327520;8099;246674138.00;55193;16.85;21.05;6.30
14-May-18;761.00;773.75;740.20;743.95;755.830.059.393.508.000.000;726342;15302;548991117.00;108157;14.89;33.55;-17.05
11-May-18;748.00;768.90;711.00;731.30;748.181.411.231.149.000.000;527426;11683;394610329.00;112098;21.25;57.90;-16.70
10-May-18;779.95;795.00;740.00;745.80;767.524.619.227.870.000.000;734954;16143;564095289.00;177884;24.20;55.00;-34.15
09-May-18;734.95;784.70;726.00;775.75;764.865.280.807.540.000.000;800851;17907;612543125.00;145096;18.12;58.70;40.80
08-May-18;733.10;745.00;720.00;732.95;733.981.657.360.243.000.000;265229;6378;194673221.00;64843;24.45;25.00;-0.15
07-May-18;715.00;729.45;706.55;726.00;722.413.373.300.015.000.000;184487;4609;133275876.00;49606;26.89;22.90;11.00
04-May-18;697.00;717.55;697.00;712.45;712.289.420.690.301.000.000;170824;4158;121676128.00;42539;24.90;20.55;15.45
03-May-18;704.00;711.75;693.00;697.00;700.351.711.011.601.000.000;126621;3341;88679234.00;33585;26.52;18.75;-7.00
02-May-18;700.00;724.25;691.50;711.60;711.483.108.313.568.000.000;328860;10314;233978335.00;73646;22.39;32.75;11.60
30-Apr-18;690.00;703.00;683.00;696.55;694.132.969.527.717.000.000;210552;6234;146151085.00;52202;24.79;20.00;6.55
27-Apr-18;663.00;695.00;663.00;681.85;686.138.851.241.319.000.000;190362;5141;130614764.00;35650;18.73;32.00;18.85
26-Apr-18;675.15;684.30;665.00;669.65;671.181.350.850.645.000.000;141422;3985;94919809.00;39044;27.61;19.30;-5.50
25-Apr-18;680.00;701.60;673.30;678.80;688.251.154.309.763.000.000;195788;5097;134751317.00;42139;21.52;28.30;-1.20
24-Apr-18;700.00;702.70;680.60;683.20;688.830.407.436.409.000.000;118767;3816;81810321.00;36201;30.48;22.10;-16.80
23-Apr-18;712.45;718.75;695.15;699.55;706.441.956.689.868.000.000;206880;4573;146148712.00;55734;26.94;23.60;-12.90
20-Apr-18;667.00;711.40;646.00;705.60;684.919.123.673.659.000.000;586859;11970;401950952.00;88172;15.02;65.40;38.60
19-Apr-18;692.50;697.95;615.90;664.75;661.219.090.893.042.000.000;736393;17618;486917110.00;125314;17.02;82.05;-27.75
18-Apr-18;705.00;709.90;687.10;695.90;701.483.312.887.295.000.000;190746;4457;133805136.00;41336;21.67;22.80;-9.10
17-Apr-18;708.10;711.00;700.30;701.50;704.054.161.712.247.000.000;134560;3515;94737528.00;34492;25.63;10.70;-6.60
16-Apr-18;700.00;714.80;695.00;706.00;707.368.260.315.887.000.000;173543;3447;122758810.00;41486;23.91;19.80;6.00
13-Apr-18;705.00;717.60;698.00;700.60;707.610.888.730.392.000.000;206103;6133;145840727.00;60225;29.22;19.60;-4.40
12-Apr-18;707.00;718.55;700.10;703.00;707.837.259.083.943.000.000;256469;6642;181538314.00;56368;21.98;18.45;-4.00
11-Apr-18;706.05;721.90;700.55;706.50;711.219.371.029.168.000.000;226338;5842;160975970.00;45507;20.11;21.35;0.45
10-Apr-18;720.00;724.00;700.90;704.95;710.634.875.328.875.000.000;165716;4614;117763569.00;44634;26.93;23.10;-15.05
09-Apr-18;730.00;734.65;705.15;707.55;715.942.108.159.094.000.000;254440;9294;182164310.00;75074;29.51;29.50;-22.45
06-Apr-18;713.90;751.65;707.90;720.45;727.222.618.174.195.000.000;562919;15171;409367429.00;108909;19.35;43.75;6.55
05-Apr-18;700.00;720.00;686.00;698.60;701.142.511.148.028.000.000;571850;14026;400948345.00;130526;22.83;34.00;-1.40
04-Apr-18;766.00;771.85;721.55;721.55;744.508.779.859.840.000.000;276542;6249;205887947.00;123271;44.58;50.30;-44.45
03-Apr-18;773.00;783.95;750.35;759.50;763.427.024.730.426.000.000;341280;8635;260542375.00;89642;26.27;33.60;-13.50
02-Apr-18;734.70;762.75;734.70;762.75;754.513.246.931.987.000.000;261570;4895;197358030.00;108173;41.36;28.05;28.05
28-Mar-18;744.00;747.00;722.00;726.45;734.104.706.228.302.000.000;227847;5329;167263555.00;58577;25.71;25.00;-17.55
27-Mar-18;736.00;761.50;735.00;755.40;748.293.654.157.219.000.000;283146;6030;211876355.00;58095;20.52;26.50;19.40
26-Mar-18;740.00;757.05;720.55;727.95;735.423.318.534.730.000.000;288766;6693;212365250.00;54776;18.97;36.50;-12.05
23-Mar-18;699.00;752.05;695.00;739.75;724.871.575.156.684.000.000;433195;10224;314010742.00;69831;16.12;57.05;40.75
22-Mar-18;758.55;762.85;724.00;727.20;736.234.384.454.783.000.000;249543;6178;183722137.00;42714;17.12;38.85;-31.35
21-Mar-18;760.00;773.80;740.00;758.55;759.519.736.822.303.000.000;332247;7854;252348154.00;56569;17.03;33.80;-1.45
20-Mar-18;779.90;791.10;757.10;757.10;772.335.417.167.588.000.000;266176;6524;205577152.00;71914;27.02;34.00;-22.80
19-Mar-18;814.00;820.45;755.45;796.90;796.193.407.732.278.000.000;903149;16883;719081280.00;147475;16.33;65.00;-17.10
16-Mar-18;768.00;790.25;760.35;781.40;777.646.676.449.971.000.000;594891;11140;462615009.00;102928;17.30;29.90;13.40
15-Mar-18;717.00;752.65;717.00;752.65;742.933.801.460.843.000.000;336518;6166;250010597.00;71204;21.16;35.65;35.65
14-Mar-18;716.20;738.00;710.10;716.85;721.944.136.116.849.000.000;315141;7916;227514197.00;68036;21.59;27.90;0.65
13-Mar-18;678.00;708.85;670.85;708.85;703.929.794.369.429.000.000;521226;6788;366906511.00;156432;30.01;38.00;30.85
12-Mar-18;655.00;676.55;650.00;675.10;661.056.107.942.690.000.000;179725;3703;118808309.00;57405;31.94;26.55;20.10
09-Mar-18;663.90;668.50;641.45;644.35;651.394.562.655.184.000.000;159085;3451;103627104.00;30303;19.05;27.05;-19.55
08-Mar-18;668.50;674.95;622.75;653.85;648.020.452.577.043.000.000;317515;8260;205756214.00;48390;15.24;52.20;-14.65
07-Mar-18;674.85;674.85;647.90;653.55;661.184.454.571.137.000.000;162826;4050;107658020.00;31304;19.23;26.95;-21.30
06-Mar-18;673.00;690.00;669.65;675.65;681.786.642.445.975.000.000;211940;6033;144497861.00;57536;27.15;20.35;2.65
05-Mar-18;692.00;692.00;658.20;658.65;664.666.566.406.914.000.000;252677;5463;167945954.00;92507;36.61;33.80;-33.35
01-Mar-18;707.55;707.55;685.95;692.80;702.018.710.947.117.000.000;580783;8822;407720533.00;154399;26.58;21.60;-14.75
28-Feb-18;651.00;673.90;647.00;673.90;668.199.096.366.251.000.000;171751;2338;114763863.00;56950;33.16;26.90;22.90
27-Feb-18;623.00;641.85;618.95;641.85;639.128.042.420.343.000.000;275151;3388;175856720.00;61768;22.45;22.90;18.85
26-Feb-18;622.95;631.20;605.00;611.30;616.018.729.205.928.000.000;171924;3927;105908404.00;60289;35.07;26.20;-11.65
23-Feb-18;607.40;631.80;600.70;620.95;619.589.555.608.680.000.000;301176;6189;186605504.00;63772;21.17;31.10;13.55
22-Feb-18;627.90;631.65;607.15;607.30;615.276.221.927.545.000.000;353683;7577;217612740.00;82753;23.40;24.50;-20.60
21-Feb-18;670.00;670.00;639.10;639.10;644.834.772.249.268.000.000;135982;2843;87685922.00;50178;36.90;30.90;-30.90
20-Feb-18;696.50;696.50;672.70;672.70;682.612.556.706.640.000.000;136007;3242;92840086.00;41693;30.66;23.80;-23.80
19-Feb-18;702.00;717.00;670.00;708.10;701.964.928.376.132.000.000;220178;5189;154557234.00;32683;14.84;47.00;6.10
16-Feb-18;738.00;742.65;695.05;701.95;707.224.687.031.785.000.000;161518;4285;114229517.00;31556;19.54;47.60;-36.05
15-Feb-18;753.90;769.80;714.65;722.35;737.194.034.567.560.000.000;174036;4688;128298301.00;45474;26.13;55.15;-31.55
14-Feb-18;772.00;785.00;745.00;749.45;763.860.889.035.965.000.000;323339;6986;246986016.00;81473;25.20;40.00;-22.55
12-Feb-18;730.00;749.05;730.00;749.05;745.911.612.921.353.000.000;320307;4948;238920711.00;75057;23.43;19.05;19.05
09-Feb-18;666.00;713.40;652.35;713.40;705.948.239.432.356.000.000;660696;7695;466417178.00;244783;37.05;61.05;47.40
08-Feb-18;650.00;679.45;647.00;679.45;671.929.376.334.602.000.000;172336;2604;115797621.00;76362;44.31;32.45;29.45
07-Feb-18;606.50;649.85;597.00;647.10;630.599.471.448.568.000.000;828680;13574;522565170.00;154305;18.62;52.85;40.60
06-Feb-18;618.95;618.95;618.95;618.95;618.949.851.337.958.000.000;5045;232;3122602.00;5045;100.00;0.00;0.00
05-Feb-18;651.50;651.50;651.50;651.50;651.500.000.000.000.000.000;6270;306;4084905.00;6266;99.94;0.00;0.00
02-Feb-18;686.00;703.90;685.75;685.75;690.582.243.885.236.000.000;79398;2250;54830849.00;30321;38.19;18.15;-0.25
01-Feb-18;766.00;774.70;721.80;721.80;748.794.770.403.072.000.000;325723;7838;243899679.00;85552;26.27;52.90;-44.20
31-Jan-18;809.00;813.65;756.00;759.75;780.137.461.350.691.000.000;307250;7015;239697235.00;83901;27.31;57.65;-49.25
30-Jan-18;811.00;836.90;786.25;794.80;810.616.700.204.477.000.000;615226;16697;498712470.00;134321;21.83;50.65;-16.20
29-Jan-18;802.00;818.90;801.30;806.25;809.065.122.949.091.000.000;165963;3600;134274875.00;46184;27.83;17.60;4.25
25-Jan-18;785.00;807.55;777.10;792.45;794.236.836.268.289.000.000;252474;5424;200524151.00;49343;19.54;30.45;7.45
24-Jan-18;796.55;797.80;774.00;779.85;783.337.249.019.942.000.000;146675;3322;114895991.00;30907;21.07;23.80;-16.70
23-Jan-18;812.40;818.95;790.25;794.55;807.126.885.924.437.000.000;183133;3958;147811568.00;38796;21.18;28.70;-17.85
22-Jan-18;784.00;813.60;781.40;803.20;798.283.659.394.219.000.000;294628;6621;235196718.00;45861;15.57;32.20;19.20
19-Jan-18;757.10;789.00;742.00;780.15;767.184.136.194.089.000.000;313670;8003;240642648.00;46130;14.71;47.00;23.05
18-Jan-18;795.00;815.75;752.40;757.20;787.039.722.339.730.000.000;260030;6796;204653939.00;65068;25.02;63.35;-37.80
17-Jan-18;802.00;821.45;762.55;791.85;791.980.533.142.339.000.000;357428;9120;283076018.00;58057;16.24;58.90;-10.15
16-Jan-18;844.90;846.75;802.35;802.65;819.028.365.686.695.000.000;241912;5395;198132790.00;61544;25.44;44.40;-42.25
15-Jan-18;859.00;860.90;833.00;844.55;850.081.396.452.423.000.000;200193;4134;170180345.00;42088;21.02;27.90;-14.45
12-Jan-18;850.00;862.85;835.00;850.95;851.241.772.849.056.000.000;241487;5154;205563822.00;44795;18.55;27.85;0.95
11-Jan-18;838.85;864.00;838.00;846.05;852.497.304.407.302.000.000;285095;7033;243042719.00;79096;27.74;26.00;7.20
10-Jan-18;858.40;862.70;829.00;838.85;843.382.102.440.040.000.000;220734;5421;186163105.00;49290;22.33;33.70;-19.55
09-Jan-18;856.80;880.00;841.95;855.50;861.784.193.420.133.000.000;518126;11393;446512797.00;83676;16.15;38.05;-1.30
08-Jan-18;829.20;853.90;829.20;850.25;847.361.547.009.836.000.000;364445;7499;308816679.00;94984;26.06;24.70;21.05
05-Jan-18;829.00;843.55;791.10;813.25;813.745.076.276.342.000.000;504547;13208;410572637.00;93900;18.61;52.45;-15.75
04-Jan-18;882.00;908.00;823.00;825.00;864.286.685.847.795.000.000;1031917;25783;891872124.00;258320;25.03;85.00;-57.00
03-Jan-18;814.00;866.30;807.55;866.30;849.221.921.761.843.000.000;1313170;24206;1115172751.00;185901;14.16;58.75;52.30
02-Jan-18;734.10;797.50;716.00;787.55;765.633.381.116.118.000.000;960597;20302;735465129.00;121873;12.69;81.50;53.45
01-Jan-18;713.90;744.75;713.90;725.00;730.982.496.128.181.000.000;399683;8345;292161277.00;64233;16.07;30.85;11.10
29-Dec-17;685.00;724.30;680.80;709.60;706.803.626.732.204.000.000;602195;12255;425633610.00;110120;18.29;43.50;24.60
28-Dec-17;675.00;685.05;668.10;678.70;677.941.169.205.655.000.000;186229;4137;126252306.00;40753;21.88;16.95;3.70
27-Dec-17;674.00;690.50;666.20;670.00;677.980.635.957.968.000.000;306341;6054;207693266.00;61142;19.96;24.30;-4.00
26-Dec-17;668.00;686.90;649.20;675.40;672.273.084.814.713.000.000;562426;9623;378103862.00;107948;19.19;37.70;7.40
22-Dec-17;641.00;669.00;641.00;662.70;656.770.758.580.466.000.000;315484;6288;207200666.00;53630;17.00;28.00;21.70
21-Dec-17;640.00;650.75;628.65;639.00;640.857.707.172.152.000.000;152144;3557;97502655.00;32530;21.38;22.10;-1.00
20-Dec-17;663.40;664.85;637.00;640.05;650.948.545.252.758.000.000;183812;4396;119652154.00;45506;24.76;27.85;-23.35
19-Dec-17;663.90;668.70;656.10;658.85;662.508.076.925.138.000.000;186519;3545;123570344.00;38820;20.81;12.60;-5.05
18-Dec-17;655.00;683.15;611.45;659.80;659.038.874.698.400.000.000;537136;10831;353993505.00;78988;14.71;71.70;4.80
15-Dec-17;643.70;681.70;639.95;665.00;660.738.044.516.622.000.000;418720;9641;276664234.00;87652;20.93;41.75;21.30
14-Dec-17;637.75;643.90;619.95;633.40;630.261.607.908.852.000.000;249442;4148;157213716.00;24884;9.98;23.95;-4.35
13-Dec-17;657.50;659.10;628.00;631.70;643.380.436.691.802.000.000;330210;6445;212450654.00;50992;15.44;31.10;-25.80
12-Dec-17;638.00;663.85;630.00;653.50;650.803.598.223.590.000.000;462506;9747;301000569.00;53519;11.57;33.85;15.50
11-Dec-17;664.00;683.10;609.60;633.90;645.069.890.529.931.000.000;567187;13219;365875256.00;91775;16.18;73.50;-30.10
08-Dec-17;635.70;675.00;635.00;658.85;661.812.031.077.800.000.000;509946;11070;337488398.00;90972;17.84;40.00;23.15
07-Dec-17;594.00;636.75;590.00;630.55;618.383.989.901.797.000.000;557723;11555;344886974.00;107498;19.27;46.75;36.55
06-Dec-17;585.10;604.35;574.05;584.95;593.148.312.873.713.000.000;283974;5994;168438699.00;50003;17.61;30.30;-0.15
05-Dec-17;546.00;580.65;535.00;580.65;568.450.780.170.151.000.000;270582;5535;153812549.00;48935;18.09;45.65;34.65
04-Dec-17;587.90;591.15;552.25;553.00;564.217.240.912.577.000.000;199479;3461;112549491.00;88335;44.28;38.90;-34.90
01-Dec-17;593.50;607.30;578.05;581.30;591.905.582.014.550.000.000;106664;2136;63135017.00;22157;20.77;29.25;-12.20
30-Nov-17;601.00;606.90;590.60;596.70;598.630.620.968.247.000.000;127736;2462;76466681.00;24487;19.17;16.30;-4.30
29-Nov-17;593.70;612.00;586.15;600.40;604.447.687.803.844.000.000;377455;6990;228151802.00;77204;20.45;25.85;6.70
28-Nov-17;578.90;595.00;578.10;587.65;589.591.883.157.412.000.000;144194;2596;85015612.00;47690;33.07;16.90;8.75
27-Nov-17;584.00;594.05;562.45;584.25;582.949.728.000.245.000.000;260662;4929;151952842.00;59574;22.85;31.60;0.25
24-Nov-17;598.00;607.00;574.50;579.90;587.076.773.280.348.000.000;227488;4684;133552921.00;57534;25.29;32.50;-18.10
23-Nov-17;588.70;606.60;580.75;595.35;596.469.431.041.740.000.000;432334;8081;257874015.00;93355;21.59;25.85;6.65
22-Nov-17;546.00;580.00;530.50;580.00;556.188.414.024.707.000.000;750390;11726;417358224.00;152270;20.29;49.50;34.00
21-Nov-17;574.00;595.15;552.00;552.40;569.468.511.674.409.000.000;379077;6693;215872415.00;112887;29.78;43.15;-21.60
20-Nov-17;601.95;609.95;577.10;580.90;589.446.740.866.818.000.000;382479;8127;225451000.00;69785;18.25;32.85;-21.05
17-Nov-17;639.00;656.95;601.40;602.20;620.688.819.713.704.000.000;490542;10416;304473935.00;135572;27.64;55.55;-36.80
16-Nov-17;583.30;640.70;579.70;633.05;619.394.040.070.188.000.000;1047462;19040;648791720.00;212067;20.25;61.00;49.75
15-Nov-17;610.20;623.35;610.20;610.20;612.649.747.909.842.000.000;440517;4873;269882629.00;114989;26.10;13.15;0.00
14-Nov-17;642.30;648.15;617.55;642.30;641.879.744.224.422.000.000;373296;6261;239611141.00;170637;45.71;30.60;0.00
13-Nov-17;587.00;617.30;587.00;617.30;612.121.100.680.346.000.000;201221;2646;123171620.00;129479;64.35;30.30;30.30
10-Nov-17;595.00;607.00;577.20;587.95;593.596.444.413.773.000.000;260829;6092;154827167.00;56762;21.76;29.80;-7.05
09-Nov-17;582.00;607.70;555.30;597.05;584.933.339.862.687.000.000;510515;11309;298617244.00;91765;17.97;52.40;15.05
08-Nov-17;621.85;629.95;584.50;584.50;599.704.758.222.020.000.000;356877;6780;214020835.00;123683;34.66;45.45;-37.35
07-Nov-17;633.95;633.95;591.75;615.25;621.791.195.698.473.000.000;809945;12935;503616670.00;219831;27.14;42.20;-18.70
06-Nov-17;596.90;603.80;594.00;603.80;601.984.904.735.740.000.000;134678;1389;81074123.00;54451;40.43;9.80;6.90
03-Nov-17;572.40;575.05;563.20;575.05;572.995.930.333.923.000.000;217954;1660;124886755.00;43934;20.16;11.85;2.65
02-Nov-17;541.00;547.70;526.00;547.70;538.511.795.523.383.000.000;447034;7156;240733082.00;130220;29.13;21.70;6.70
01-Nov-17;515.00;521.65;515.00;521.65;520.019.303.773.571.000.000;291342;3004;151503464.00;91378;31.36;6.65;6.65
31-Oct-17;488.00;496.85;485.00;496.85;494.782.453.168.613.000.000;491177;4816;243025761.00;119946;24.42;11.85;8.85
30-Oct-17;453.50;473.20;453.50;473.20;465.161.319.828.083.000.000;384838;6264;179011752.00;157129;40.83;19.70;19.70
27-Oct-17;445.00;461.00;441.25;450.70;452.559.916.333.822.000.000;465182;7535;210522727.00;130631;28.08;19.75;5.70
26-Oct-17;442.25;452.00;436.90;440.90;444.401.081.205.429.000.000;165186;2924;73408837.00;56360;34.12;15.10;-1.35
25-Oct-17;453.00;455.00;440.00;443.30;447.161.155.663.561.000.000;185175;3039;82803067.00;62952;34.00;15.00;-9.70
24-Oct-17;460.00;462.75;446.00;447.75;454.023.299.572.310.000.000;358204;5763;162632962.00;111359;31.09;16.75;-12.25
23-Oct-17;455.10;471.80;433.75;454.25;454.612.990.853.159.000.000;1068675;17820;485833538.00;266781;24.96;38.05;-0.85
19-Oct-17;456.80;460.20;446.25;450.40;454.722.960.186.330.000.000;109912;1708;49979510.00;40416;36.77;13.95;-6.40
18-Oct-17;440.80;460.95;432.45;455.35;454.971.935.585.308.000.000;963569;11303;438396853.00;135778;14.09;28.50;14.55
17-Oct-17;452.10;454.55;437.10;439.00;444.483.489.739.419.000.000;253933;4601;112869026.00;76735;30.22;17.45;-13.10
16-Oct-17;460.10;463.95;445.00;451.35;453.385.013.450.344.000.000;233823;4471;106011844.00;55379;23.68;18.95;-8.75
13-Oct-17;451.00;464.00;443.20;457.40;457.440.836.140.882.000.000;560097;10248;256211240.00;106434;19.00;20.80;6.40
12-Oct-17;445.80;455.75;429.00;448.05;441.540.312.254.795.000.000;584971;10125;258288278.00;114104;19.51;26.75;2.25
11-Oct-17;469.00;474.65;441.70;442.90;451.631.556.145.979.000.000;625539;10285;282513152.00;165282;26.42;32.95;-26.10
10-Oct-17;474.95;480.00;454.00;464.90;466.638.044.570.295.000.000;603182;11981;281467669.00;124356;20.62;26.00;-10.05
09-Oct-17;470.00;492.00;451.25;462.55;478.013.751.660.980.000.000;877494;14471;419454199.00;304183;34.66;40.75;-7.45
06-Oct-17;484.00;486.90;465.00;470.55;475.765.732.129.998.000.000;713794;13331;339598725.00;164150;23.00;21.90;-13.45
05-Oct-17;470.00;491.00;455.00;476.35;475.711.909.905.462.000.000;1442396;27759;686164956.00;301369;20.89;36.00;6.35
04-Oct-17;423.00;448.95;421.15;448.95;440.705.377.579.981.000.000;1019678;15506;449377578.00;147836;14.50;27.80;25.95
03-Oct-17;379.00;408.15;377.00;408.15;396.257.683.292.928.000.000;820449;12444;325109220.00;138501;16.88;31.15;29.15
29-Sep-17;367.25;378.00;367.25;371.05;371.891.397.939.525.000.000;298475;5716;111000285.00;84045;28.16;10.75;3.80
28-Sep-17;360.00;367.90;351.60;361.40;360.828.613.414.301.000.000;411024;7177;148309220.00;65659;15.97;16.30;1.40
27-Sep-17;369.90;384.60;345.75;356.95;365.286.944.663.470.000.000;1036151;18247;378492433.00;181291;17.50;38.85;-12.95
26-Sep-17;327.00;363.05;324.60;362.05;351.194.965.188.575.000.000;848572;12870;298014214.00;81824;9.64;38.45;35.05
25-Sep-17;353.00;354.95;317.30;330.05;330.770.099.003.148.000.000;615839;9575;203701127.00;192331;31.23;37.65;-22.95
22-Sep-17;375.00;375.30;350.25;352.55;362.089.541.385.390.000.000;650459;10606;235524401.00;188016;28.91;25.05;-22.45
21-Sep-17;377.95;386.60;360.70;379.20;374.214.341.576.004.000.000;892510;14416;333990042.00;184353;20.66;25.90;1.25
20-Sep-17;376.40;387.95;361.15;377.70;375.111.125.511.922.000.000;941305;16279;353093978.00;137437;14.60;26.80;1.30
19-Sep-17;374.70;387.30;369.00;371.50;375.844.173.973.777.000.000;1105316;15525;415426579.00;190958;17.28;18.30;-3.20
18-Sep-17;332.00;382.30;332.00;365.55;361.359.741.594.986.000.000;3240804;43138;1171096096.00;345728;10.67;50.30;33.55
15-Sep-17;270.50;324.50;270.00;324.50;303.314.758.510.936.000.000;2443092;31324;741025860.00;310608;12.71;54.50;54.00
14-Sep-17;260.00;275.00;260.00;270.45;269.492.721.114.760.000.000;876027;13880;236082900.00;246245;28.11;15.00;10.45
13-Sep-17;262.95;263.50;252.00;253.80;258.204.345.821.461.000.000;169174;2051;43681462.00;90933;53.75;11.50;-9.15
12-Sep-17;264.00;267.00;260.00;261.25;263.123.152.219.820.000.000;120753;1586;31772910.00;20889;17.30;7.00;-2.75
11-Sep-17;261.80;264.75;260.65;261.50;262.733.708.968.148.000.000;125299;1513;32920271.00;41947;33.48;4.10;-0.30
08-Sep-17;265.00;266.70;257.00;258.40;262.090.143.111.186.000.000;236180;5641;61900450.00;97134;41.13;9.70;-6.60
07-Sep-17;268.90;272.85;261.50;263.45;268.511.080.413.521.000.000;290287;3204;77945276.00;92333;31.81;11.35;-5.45
06-Sep-17;263.00;267.90;260.00;266.60;264.499.004.314.018.000.000;268659;4792;71060038.00;71605;26.65;7.90;3.60
05-Sep-17;263.90;269.90;260.00;263.45;266.080.104.914.591.000.000;739268;9223;196704507.00;283517;38.35;9.90;-0.45
04-Sep-17;265.50;266.00;252.50;259.95;258.526.681.844.740.000.000;248165;3467;64157274.00;57501;23.17;13.50;-5.55
01-Sep-17;264.45;266.45;260.90;264.45;263.769.319.263.523.000.000;196449;2946;51817219.00;54655;27.82;5.55;0.00
31-Aug-17;269.40;269.40;258.80;261.45;263.129.490.460.761.000.000;282098;3693;74228303.00;;;10.60;-7.95
30-Aug-17;256.10;269.45;256.10;267.20;263.875.906.896.835.000.000;644919;7861;170178586.00;194257;30.12;13.35;11.10
29-Aug-17;255.15;263.70;252.30;253.25;257.009.679.903.200.000.000;427277;7283;109814325.00;123422;28.89;11.40;-1.90
28-Aug-17;255.90;258.00;251.75;255.20;254.886.510.275.537.000.000;277893;3552;70831177.00;55197;19.86;6.25;-0.70
24-Aug-17;260.00;260.80;252.75;253.85;256.273.473.707.664.000.000;179520;2955;46006214.00;52933;29.49;8.05;-6.15
23-Aug-17;261.00;262.00;254.15;257.90;258.522.104.883.112.000.000;110790;1883;28641664.00;25138;22.69;7.85;-3.10
22-Aug-17;256.90;261.60;240.90;257.35;253.925.345.206.781.000.000;204153;3369;51839621.00;42135;20.64;20.70;0.45
21-Aug-17;268.50;276.40;250.00;252.85;263.322.282.953.105.000.000;378720;5907;99725415.00;93808;24.77;26.40;-15.65
18-Aug-17;266.70;269.50;261.20;265.05;265.194.082.471.838.000.000;276264;4872;73263578.00;39423;14.27;8.30;-1.65
17-Aug-17;245.80;273.95;243.60;270.05;264.022.587.397.108.000.000;673163;10726;177730237.00;96481;14.33;30.35;24.25
16-Aug-17;243.50;247.00;240.35;244.10;244.037.362.563.539.000.000;178628;2796;43591906.00;64353;36.03;6.65;0.60
14-Aug-17;238.90;243.55;237.40;240.85;239.934.628.191.633.000.000;151059;2091;36244285.00;47845;31.67;6.15;1.95
11-Aug-17;235.00;241.85;227.00;235.30;235.341.610.624.470.000.000;176950;2871;41643698.00;50904;28.77;14.85;0.30
10-Aug-17;228.00;245.00;225.00;237.75;237.784.852.644.988.000.000;464728;6452;110505279.00;113795;24.49;20.00;9.75
09-Aug-17;235.00;238.20;227.30;228.65;231.082.364.162.205.000.000;130008;1980;30042556.00;39217;30.17;10.90;-6.35
08-Aug-17;243.00;243.90;227.00;234.85;234.872.665.417.156.000.000;303052;4155;71178631.00;78535;25.91;16.90;-8.15
07-Aug-17;225.00;241.95;222.35;239.15;231.826.038.802.558.000.000;647380;9097;150079541.00;111375;17.20;19.60;14.15
04-Aug-17;209.80;221.85;206.35;219.25;213.947.104.600.821.000.000;708417;9883;151563766.00;151460;21.38;15.50;9.45
03-Aug-17;211.90;212.00;205.50;207.90;208.057.334.165.579.000.000;264345;2761;54998916.00;82473;31.20;6.50;-4.00
02-Aug-17;206.60;210.50;204.55;209.40;207.930.747.465.220.000.000;169640;2282;35273372.00;51611;30.42;5.95;2.80
01-Aug-17;207.90;211.00;202.70;204.80;206.693.824.450.362.000.000;179482;2725;37097821.00;54420;30.32;8.30;-3.10
31-Jul-17;195.00;208.00;194.25;205.50;204.238.331.661.073.000.000;404642;5641;82643407.00;112781;27.87;13.75;10.50
28-Jul-17;189.50;197.85;187.45;194.25;194.236.348.242.364.000.000;157086;2371;30511811.00;50978;32.45;10.40;4.75
27-Jul-17;196.00;196.00;188.50;189.55;191.968.562.187.328.000.000;89351;1415;17152583.00;25112;28.10;7.50;-6.45
26-Jul-17;195.90;198.50;193.15;194.35;195.599.997.215.628.000.000;143659;1951;28099700.00;56561;39.37;5.35;-1.55
25-Jul-17;198.75;199.80;192.10;193.30;194.883.518.815.323.000.000;88598;1735;17266290.00;24348;27.48;7.70;-5.45
24-Jul-17;199.85;204.90;196.25;198.15;199.828.232.959.426.000.000;247923;4277;49542015.00;75882;30.61;8.65;-1.70
21-Jul-17;203.00;207.45;193.00;195.25;199.289.580.522.199.000.000;677366;9999;134991986.00;150379;22.20;14.45;-7.75
20-Jul-17;178.95;203.80;178.95;198.70;195.622.120.365.857.000.000;1113987;15429;217920499.00;244888;21.98;24.85;19.75
19-Jul-17;175.50;179.00;174.95;176.70;177.088.063.380.660.000.000;92899;1470;16451304.00;30061;32.36;4.05;1.20
18-Jul-17;172.55;178.65;171.10;173.50;174.953.357.331.766.000.000;136120;2591;23814651.00;45251;33.24;7.55;0.95
17-Jul-17;172.20;174.35;169.10;171.30;172.043.354.726.264.000.000;110161;1721;18952468.00;24461;22.20;5.25;-0.90
14-Jul-17;180.15;180.30;172.45;173.80;175.582.586.395.777.000.000;120492;2022;21156297.00;29037;24.10;7.85;-6.35
13-Jul-17;177.50;181.65;174.75;177.55;178.173.326.601.269.000.000;124776;1872;22231755.00;29778;23.87;6.90;0.05
12-Jul-17;177.55;183.60;176.80;177.45;179.568.554.348.524.000.000;155570;1950;27935480.00;33557;21.57;6.80;-0.10
11-Jul-17;175.00;186.25;174.80;176.90;178.778.692.893.176.000.000;621051;4042;111030686.00;367835;59.23;11.45;1.90
10-Jul-17;173.80;179.40;173.25;174.75;176.737.927.768.188.000.000;255483;3165;45153536.00;164625;64.44;6.15;0.95
07-Jul-17;179.10;179.50;171.40;173.85;175.106.372.293.491.000.000;157306;2165;27545283.00;48652;30.93;8.10;-5.25
06-Jul-17;186.80;188.65;178.30;180.35;185.408.211.806.132.000.000;150515;2417;27906717.00;50499;33.55;10.35;-6.45
05-Jul-17;190.00;191.75;183.10;186.35;187.542.611.245.350.000.000;257831;3720;48354299.00;65040;25.23;8.65;-3.65
04-Jul-17;186.25;192.00;178.10;187.65;186.001.705.147.948.000.000;375334;6101;69812764.00;72947;19.44;13.90;1.40
03-Jul-17;165.85;190.00;165.85;184.55;180.507.734.034.232.000.000;691683;10797;124854131.00;163377;23.62;24.15;18.70
30-Jun-17;161.75;166.00;156.90;164.30;163.244.973.978.157.000.000;208863;3193;34095835.00;50412;24.14;9.10;2.55
29-Jun-17;155.00;164.20;155.00;161.65;160.847.566.003.450.000.000;261956;3067;42134985.00;73237;27.96;9.20;6.65
28-Jun-17;156.05;157.00;152.90;154.40;155.059.820.599.119.000.000;65663;1008;10181693.00;18806;28.64;4.10;-1.65
27-Jun-17;152.00;162.40;150.85;156.05;157.291.423.138.885.000.000;213528;4006;33586123.00;46974;22.00;11.55;4.05
23-Jun-17;156.40;160.80;150.65;152.65;155.330.746.383.060.000.000;166992;3101;25938992.00;37116;22.23;10.15;-3.75
22-Jun-17;149.25;160.20;149.25;155.40;156.398.400.493.193.000.000;415253;6605;64944905.00;127684;30.75;10.95;6.15
21-Jun-17;144.70;149.80;140.90;148.75;146.779.143.140.699.000.000;298252;4083;43777173.00;89376;29.97;8.90;4.05
20-Jun-17;138.70;151.10;138.40;143.75;144.755.049.900.654.000.000;526446;7225;76205717.00;117069;22.24;12.70;5.05
19-Jun-17;125.80;139.00;124.00;137.95;134.194.431.438.745.000.000;324644;4770;43565417.00;108558;33.44;15.00;12.15
16-Jun-17;126.45;126.95;124.65;125.90;126.086.308.207.493.000.000;47481;823;5986704.00;24658;51.93;2.30;-0.55
15-Jun-17;121.85;126.00;121.85;125.35;124.793.732.584.822.000.000;97616;1209;12181865.00;52260;53.54;4.15;3.50
14-Jun-17;120.20;123.00;119.00;121.65;120.866.933.773.273.000.000;21215;297;2564192.00;16163;76.19;4.00;1.45
13-Jun-17;118.50;120.50;118.50;120.00;119.683.115.433.673.000.000;12544;472;1501305.00;8641;68.89;2.00;1.50
12-Jun-17;119.65;119.90;116.35;117.45;118.146.833.244.898.000.000;20731;448;2449302.00;12685;61.19;3.55;-2.20
09-Jun-17;118.70;121.20;117.45;118.45;119.516.005.944.491.000.000;49794;931;5951180.00;22758;45.70;3.75;-0.25
08-Jun-17;120.00;120.00;116.00;117.70;118.874.470.588.235.000.000;59500;1011;7073031.00;23305;39.17;4.00;-2.30
07-Jun-17;111.45;120.00;111.45;119.35;118.200.442.657.626.000.000;71387;1196;8437975.00;29105;40.77;8.55;7.90
06-Jun-17;114.15;114.45;110.70;111.15;112.388.856.175.474.000.000;13586;343;1526915.00;8297;61.07;3.75;-3.00
05-Jun-17;114.20;115.70;113.25;113.70;114.824.289.693.593.000.000;8975;163;1030548.00;6324;70.46;2.45;-0.50
02-Jun-17;114.75;116.00;114.00;114.65;115.017.293.175.165.000.000;25964;414;2986309.00;14840;57.16;2.00;-0.10
01-Jun-17;114.80;115.80;113.65;114.75;115.077.783.514.025.000.000;11622;240;1337434.00;6755;58.12;2.15;-0.05
31-May-17;112.10;118.00;111.80;115.05;115.645.980.113.918.000.000;50387;1019;5827054.00;18539;36.79;6.20;2.95
30-May-17;112.10;115.00;111.05;111.70;112.408.861.368.281.000.000;16634;456;1869809.00;7433;44.69;3.95;-0.40
29-May-17;119.00;119.00;111.20;112.00;113.348.492.268.942.000.000;14293;340;1620090.00;7246;50.70;7.80;-7.00
26-May-17;111.70;119.40;111.00;114.10;114.731.298.805.220.000.000;72482;1502;8315954.00;31289;43.17;8.40;2.40
25-May-17;109.10;113.00;108.70;110.75;110.687.157.400.156.000.000;7662;586;848085.00;4484;58.52;4.30;1.65
24-May-17;117.00;119.00;107.10;108.25;111.330.649.982.917.000.000;46832;1681;5213837.00;18650;39.82;11.90;-8.75
23-May-17;109.90;113.50;103.00;111.90;109.094.269.253.249.000.000;35929;1073;3919648.00;13841;38.52;10.50;2.00
22-May-17;114.70;114.70;110.00;110.75;110.809.170.661.119.000.000;22114;573;2450434.00;11586;52.39;4.70;-3.95
19-May-17;113.10;115.50;110.25;113.45;112.284.233.340.830.000.000;48907;667;5491485.00;17798;36.39;5.25;0.35
18-May-17;114.50;116.85;113.05;114.70;115.023.806.380.638.000.000;22725;365;2613916.00;11639;51.22;3.80;0.20
17-May-17;116.50;117.05;114.25;114.95;115.606.947.682.195.000.000;26167;326;3025087.00;15154;57.91;2.80;-1.55
16-May-17;118.90;118.90;116.05;117.10;117.128.847.725.415.000.000;18355;267;2149900.00;9399;51.21;2.85;-1.80
15-May-17;114.70;117.90;113.00;116.30;116.320.992.667.794.000.000;44325;510;5155928.00;18172;41.00;4.90;1.60
12-May-17;117.70;117.70;114.15;114.40;114.990.954.356.846.000.000;24100;272;2771282.00;15079;62.57;3.55;-3.30
11-May-17;118.70;121.60;117.10;117.60;119.248.359.188.544.000.000;20112;354;2398323.00;7984;39.70;4.50;-1.10
10-May-17;121.10;121.40;118.10;118.85;119.888.850.281.831.000.000;25902;674;3105361.00;14346;55.39;3.30;-2.25
09-May-17;118.00;126.90;117.00;120.15;121.856.492.620.483.000.000;96009;3172;11699320.00;39970;41.63;9.90;2.15
08-May-17;118.70;118.70;116.10;117.25;117.358.651.685.393.000.000;8900;114;1044492.00;5327;59.85;2.60;-1.45
05-May-17;120.90;120.90;116.05;116.95;117.759.900.670.794.000.000;31008;528;3651499.00;15480;49.92;4.85;-3.95
04-May-17;128.00;128.00;120.10;120.55;122.349.850.049.098.000.000;37679;1831;4610020.00;20137;53.44;7.90;-7.45
03-May-17;121.75;125.00;121.45;122.55;123.098.466.184.534.000.000;37749;3014;4646844.00;20138;53.35;3.55;0.80
02-May-17;122.60;125.15;120.95;122.25;122.705.475.551.216.000.000;24582;663;3016346.00;12884;52.41;4.20;-0.35
28-Apr-17;125.90;126.90;122.50;123.35;124.372.203.516.647.000.000;26730;373;3324469.00;14533;54.37;4.40;-2.55
27-Apr-17;120.70;130.00;120.70;125.55;127.633.909.600.892.000.000;130842;1590;16699876.00;28557;21.83;9.30;4.85
26-Apr-17;122.35;126.40;117.70;118.90;121.188.068.366.953.000.000;33759;474;4091188.00;13853;41.03;8.70;-3.45
25-Apr-17;129.80;129.80;122.50;123.00;124.197.957.743.555.000.000;24091;397;2992053.00;11402;47.33;7.30;-6.80
24-Apr-17;123.00;128.00;123.00;124.25;125.156.061.620.897.000.000;22395;362;2802870.00;11074;49.45;5.00;1.25
21-Apr-17;125.75;126.60;121.60;122.45;124.151.064.436.418.000.000;21044;299;2612635.00;9769;46.42;5.00;-3.30
20-Apr-17;123.00;126.90;122.60;124.55;124.610.367.602.329.000.000;23014;289;2867783.00;8762;38.07;4.30;1.55
19-Apr-17;125.50;125.50;121.75;122.70;123.343.972.100.825.000.000;22653;291;2794111.00;12598;55.61;3.75;-2.80
18-Apr-17;129.00;133.65;124.15;125.10;129.876.293.775.698.000.000;70530;911;9160175.00;25846;36.65;9.50;-3.90
17-Apr-17;122.75;129.70;122.40;128.05;126.940.463.527.962.000.000;35726;519;4535075.00;16096;45.05;7.30;5.30
13-Apr-17;121.80;125.00;121.00;122.95;123.249.658.090.435.000.000;46796;505;5767591.00;23363;49.93;4.00;1.15
12-Apr-17;125.95;128.00;120.55;122.35;122.780.415.174.882.000.000;58096;517;7133051.00;34244;58.94;7.45;-3.60
11-Apr-17;129.20;129.50;125.00;126.10;127.347.163.302.410.000.000;42902;538;5463448.00;18820;43.87;4.50;-3.10
10-Apr-17;123.50;136.60;122.15;127.90;130.735.966.595.700.000.000;133396;1578;17439655.00;37713;28.27;14.45;4.40
07-Apr-17;125.00;127.85;120.70;121.40;123.685.973.444.074.000.000;73204;840;9054308.00;25668;35.06;7.15;-3.60
06-Apr-17;134.00;135.00;126.00;126.75;128.783.754.603.703.000.000;99105;1143;12763114.00;38308;38.65;9.00;-7.25
05-Apr-17;114.25;137.25;114.00;133.80;129.615.538.295.359.000.000;436972;3260;56638361.00;195107;44.65;23.25;19.55
03-Apr-17;112.00;115.20;112.00;114.40;114.008.773.100.273.000.000;29978;404;3417755.00;17919;59.77;3.20;2.40
31-Mar-17;111.50;113.00;110.40;112.20;111.936.115.293.611.000.000;18596;241;2081564.00;10965;58.96;2.60;0.70
30-Mar-17;111.25;111.45;110.10;111.15;110.833.661.538.461.000.000;16250;185;1801047.00;6763;41.62;1.35;-0.10
29-Mar-17;112.00;113.00;108.60;111.55;111.103.694.456.364.000.000;25633;175;2847921.00;18276;71.30;4.40;-0.45
28-Mar-17;111.00;113.10;110.20;112.10;111.879.485.228.857.000.000;15774;233;1764787.00;9449;59.90;2.90;1.10
27-Mar-17;110.05;113.30;110.05;111.40;111.837.599.935.395.000.000;12383;208;1384885.00;6016;48.58;3.25;1.35
24-Mar-17;111.05;112.00;110.25;111.55;111.313.176.206.509.000.000;44550;593;4959002.00;30231;67.86;1.75;0.50
23-Mar-17;108.80;112.15;107.05;111.10;110.657.413.023.101.000.000;36274;650;4013987.00;20721;57.12;5.10;2.30
22-Mar-17;106.20;111.00;104.10;109.90;109.537.304.379.473.000.000;57701;1532;6320412.00;19713;34.16;6.90;3.70
21-Mar-17;108.60;109.10;106.15;107.15;107.777.620.804.982.000.000;34684;458;3738159.00;20772;59.89;2.95;-1.45
20-Mar-17;111.40;113.70;111.00;111.65;112.041.106.538.637.000.000;21870;317;2450339.00;11626;53.16;2.70;0.25
17-Mar-17;115.10;115.10;111.00;112.50;112.568.792.458.284.000.000;62267;978;7009321.00;32378;52.00;4.10;-2.60
16-Mar-17;106.85;116.20;106.85;115.10;114.292.327.442.984.000.000;158904;2248;18161508.00;59371;37.36;9.35;8.25
15-Mar-17;109.95;109.95;106.50;106.80;107.358.962.775.569.000.000;22136;439;2376498.00;10674;48.22;3.45;-3.15
14-Mar-17;111.75;112.00;104.00;109.90;108.856.047.240.125.000.000;55546;936;6046518.00;16086;28.96;8.00;-1.85
10-Mar-17;108.90;109.40;105.15;108.35;107.819.295.815.020.000.000;41864;521;4513747.00;23942;57.19;4.25;-0.55
09-Mar-17;110.80;110.80;107.45;107.70;108.959.588.363.348.000.000;25265;524;2752864.00;15331;60.68;3.35;-3.10
08-Mar-17;112.00;114.00;110.05;110.80;112.207.427.891.690.000.000;163088;2020;18299685.00;60526;37.11;3.95;-1.20
07-Mar-17;106.50;112.00;104.40;109.90;109.690.077.048.266.000.000;175734;2310;19276276.00;76124;43.32;7.60;3.40
06-Mar-17;107.25;107.90;104.20;104.85;105.671.642.572.805.000.000;19092;579;2017483.00;12347;64.67;3.70;-2.40
03-Mar-17;102.00;107.10;100.35;105.45;103.990.597.119.905.000.000;27013;323;2809098.00;16432;60.83;6.75;3.45
02-Mar-17;105.50;106.10;101.35;102.15;102.983.574.144.486.000.000;26300;315;2708468.00;12294;46.75;4.75;-3.35
01-Mar-17;108.95;108.95;104.20;104.90;105.761.782.468.815.000.000;35434;380;3747563.00;21688;61.21;4.75;-4.05
28-Feb-17;101.45;106.50;101.45;105.30;104.512.779.028.837.000.000;45739;340;4780310.00;27889;60.97;5.05;3.85
27-Feb-17;101.95;103.00;100.70;102.30;102.158.552.210.121.000.000;18732;258;1913634.00;12970;69.24;2.30;0.35
23-Feb-17;101.65;103.25;99.80;101.95;101.520.902.763.130.000.000;23705;314;2406553.00;13186;55.63;3.45;0.30
22-Feb-17;100.20;103.90;100.00;101.50;101.834.552.420.759.000.000;31581;552;3216037.00;23185;73.41;3.90;1.30
21-Feb-17;100.10;101.30;99.25;99.45;100.047.483.095.416.000.000;6655;77;665816.00;4005;60.18;2.05;-0.65
20-Feb-17;101.80;102.75;100.00;100.45;100.884.676.423.911.000.000;11342;194;1144234.00;6339;55.89;2.75;-1.35
17-Feb-17;99.50;104.50;99.05;101.35;102.234.481.081.788.000.000;53467;1004;5466171.00;20686;38.69;5.45;1.85
16-Feb-17;99.45;99.50;98.00;98.35;98.416.880.391.699.600.000;4289;79;422110.00;3032;70.69;1.50;-1.10
15-Feb-17;100.25;100.50;98.00;98.65;99.093.684.210.526.300.000;23750;398;2353475.00;16857;70.98;2.50;-1.60
14-Feb-17;104.50;105.70;99.00;101.05;101.735.704.178.851.000.000;53005;847;5392501.00;16778;31.65;6.70;-3.45
13-Feb-17;105.00;105.20;102.00;102.60;103.474.277.660.324.000.000;15609;200;1615130.00;8584;54.99;3.20;-2.40
10-Feb-17;106.30;107.40;104.50;104.85;105.597.172.272.759.000.000;28362;420;2994947.00;11324;39.93;2.90;-1.45
09-Feb-17;104.30;106.80;103.65;104.45;105.038.395.987.534.000.000;41072;478;4314137.00;19293;46.97;3.15;0.15
08-Feb-17;103.10;104.35;101.45;103.05;102.808.622.436.059.000.000;15796;261;1623965.00;7601;48.12;2.90;-0.05
07-Feb-17;104.20;104.70;101.70;103.45;103.009.471.475.671.000.000;50045;768;5155109.00;23781;47.52;3.00;-0.75
06-Feb-17;103.75;104.80;102.10;103.35;103.343.431.924.320.000.000;50106;750;5178126.00;23836;47.57;2.70;-0.40
03-Feb-17;96.05;110.30;96.05;102.30;105.576.340.165.589.000.000;250137;3657;26408549.00;63960;25.57;14.25;6.25
02-Feb-17;97.95;98.40;95.75;96.30;97.399.403.874.813.700.000;10736;158;1045680.00;5391;50.21;2.65;-1.65
01-Feb-17;98.20;99.90;95.50;98.55;98.473.548.636.378.200.000;31057;660;3058293.00;15798;50.87;4.40;0.35
31-Jan-17;97.00;98.80;94.00;97.80;96.417.731.795.661.700.000;48038;501;4631715.00;13240;27.56;4.80;0.80
30-Jan-17;98.50;99.10;96.55;96.90;97.754.261.782.575.300.000;16953;201;1657228.00;10097;59.56;2.55;-1.60
27-Jan-17;100.60;101.90;98.00;98.80;99.690.722.685.697.000.000;19898;309;1983646.00;7428;37.33;3.90;-1.80
25-Jan-17;103.20;103.80;99.60;100.50;101.764.751.846.343.000.000;39673;724;4037313.00;18882;47.59;4.20;-2.70
24-Jan-17;99.50;102.80;97.45;102.25;101.540.785.248.843.000.000;84712;1710;8601723.00;30532;36.04;5.35;2.75
23-Jan-17;98.10;101.75;96.15;96.70;97.889.122.394.082.000.000;35688;664;3493467.00;10310;28.89;5.60;-1.40
20-Jan-17;102.00;105.45;97.20;98.30;101.322.134.830.261.000.000;93703;1440;9494188.00;16379;17.48;8.25;-3.70
19-Jan-17;102.70;106.70;101.30;102.15;104.111.313.680.716.000.000;165101;2484;17188882.00;38009;23.02;5.40;-0.55
18-Jan-17;97.90;105.80;97.05;101.95;103.160.761.172.226.000.000;415517;4653;42865050.00;99186;23.87;8.75;4.05
17-Jan-17;93.90;100.00;91.75;97.60;96.846.384.826.533.300.000;197819;4526;19158055.00;53828;27.21;8.25;3.70
16-Jan-17;93.15;94.45;91.50;93.25;93.001.319.003.748.300.000;445791;980;41459151.00;414940;93.08;2.95;0.10
13-Jan-17;89.90;93.70;88.00;92.75;90.735.552.843.544.000.000;102425;1377;9293589.00;35131;34.30;5.70;2.85
12-Jan-17;93.55;94.80;88.50;89.75;91.925.076.330.203.800.000;87449;1087;8038756.00;46602;53.29;6.30;-3.80
11-Jan-17;93.00;96.45;91.80;94.10;94.441.713.953.517.700.000;158254;2548;14945779.00;40553;25.63;4.65;1.10
10-Jan-17;91.80;94.45;90.45;93.25;92.531.457.921.770.000.000;189825;2401;17564784.00;35912;18.92;4.00;1.45
09-Jan-17;80.95;94.40;79.60;91.00;91.997.262.743.889.000.000;856332;9533;78780200.00;290256;33.90;14.80;10.05
06-Jan-17;75.00;79.40;74.95;78.70;77.815.523.765.574.500.000;54175;2111;4215656.00;34016;62.79;4.45;3.70
05-Jan-17;73.35;75.40;73.35;74.35;74.229.280.321.816.200.000;72588;865;5388155.00;42815;58.98;2.05;1.00
04-Jan-17;73.50;73.50;73.15;73.40;73.390.909.090.909.000.000;3740;28;274482.00;3015;80.61;0.35;-0.10
03-Jan-17;73.50;74.00;73.00;73.25;73.545.882.352.941.100.000;2550;31;187542.00;2300;90.20;1.00;-0.25
02-Jan-17;73.05;73.25;72.55;72.95;73.083.019.755.409.200.000;4252;21;310749.00;4215;99.13;0.70;-0.10
30-Dec-16;73.35;73.50;72.70;72.95;72.973.870.847.331.000.000;2679;28;195497.00;2297;85.74;0.80;-0.40
29-Dec-16;72.70;74.80;72.25;72.40;73.289.562.289.562.200.000;1782;39;130602.00;1232;69.14;2.55;-0.30
28-Dec-16;71.75;73.15;71.75;72.15;72.461.192.350.956.100.000;1778;51;128836.00;1407;79.13;1.40;0.40
27-Dec-16;71.75;72.95;71.20;72.65;71.905.376.344.086.000.000;1860;37;133744.00;1236;66.45;1.75;0.90
26-Dec-16;72.00;72.90;71.40;71.70;71.894.652.061.855.600.000;3104;30;223161.00;2984;96.13;1.50;-0.30
23-Dec-16;73.00;73.10;72.05;72.55;72.815.772.870.662.400.000;1585;27;115413.00;1240;78.23;1.05;-0.45
22-Dec-16;72.85;74.25;72.00;72.50;72.521.632.937.892.500.000;2866;58;207847.00;1438;50.17;2.25;-0.35
21-Dec-16;73.05;73.80;72.50;73.45;73.083.760.683.760.600.000;2340;43;171016.00;1430;61.11;1.30;0.40
20-Dec-16;72.80;73.25;72.70;72.75;72.776.913.875.598.000.000;3344;38;243366.00;3224;96.41;0.55;-0.05
19-Dec-16;74.00;74.20;72.55;73.30;73.113.990.461.049.200.000;6290;115;459887.00;4175;66.38;1.65;-0.70
16-Dec-16;73.80;74.30;73.00;73.05;73.726.924.712.888.100.000;4702;39;346664.00;4400;93.58;1.30;-0.75
15-Dec-16;74.00;74.00;73.00;73.25;73.243.933.588.761.100.000;1566;27;114700.00;1506;96.17;1.00;-0.75
14-Dec-16;76.20;76.20;73.00;73.30;74.167.869.733.087.100.000;5957;96;441818.00;4302;72.22;3.20;-2.90
13-Dec-16;75.00;75.95;74.70;74.85;75.326.703.210.649.900.000;6385;93;480961.00;4670;73.14;1.25;-0.15
12-Dec-16;73.75;76.90;73.75;75.85;75.403.761.869.978.000.000;10952;167;825822.00;6255;57.11;3.15;2.10
09-Dec-16;73.95;73.95;73.05;73.50;73.551.498.127.340.800.000;2136;21;157106.00;1825;85.44;0.90;-0.45
08-Dec-16;73.65;73.65;72.80;73.35;73.312.831.858.407.000.000;2260;32;165687.00;1960;86.73;0.85;-0.30
07-Dec-16;72.80;73.60;72.55;72.85;72.910.340.314.136.100.000;3056;34;222814.00;1901;62.21;1.05;0.05
06-Dec-16;73.20;73.90;72.40;72.80;72.981.877.429.682.100.000;17492;127;1276599.00;16110;92.10;1.50;-0.40
05-Dec-16;74.00;74.35;72.50;72.90;73.274.305.102.440.200.000;7663;114;561501.00;4714;61.52;1.85;-1.10
02-Dec-16;75.10;75.10;73.55;73.90;74.340.180.360.721.400.000;1996;33;148383.00;1780;89.18;1.55;-1.20
01-Dec-16;76.10;77.00;75.00;76.65;75.822.051.639.916.200.000;8598;124;651918.00;3795;44.14;2.00;0.55
30-Nov-16;76.80;76.95;75.80;75.90;76.122.697.126.013.200.000;2714;47;206597.00;2350;86.59;1.15;-0.90
29-Nov-16;74.00;77.85;74.00;76.65;76.137.495.615.573.400.000;2851;52;217068.00;2266;79.48;3.85;2.65
28-Nov-16;73.00;75.00;73.00;74.25;74.623.868.312.757.200.000;1215;32;90668.00;575;47.33;2.00;1.25
25-Nov-16;73.70;75.00;73.55;74.20;74.122.637.871.191.600.000;2593;34;192200.00;2261;87.20;1.45;0.50
24-Nov-16;73.60;75.00;73.15;73.35;73.683.509.833.585.400.000;6610;65;487048.00;4201;63.56;1.85;-0.25
23-Nov-16;73.40;74.50;72.90;73.05;73.139.731.285.988.400.000;7815;110;571587.00;6031;77.17;1.60;-0.35
22-Nov-16;73.25;74.80;72.70;73.70;73.419.035.029.742.200.000;3026;52;222166.00;2259;74.65;2.10;0.45
21-Nov-16;74.60;75.10;72.55;73.20;73.856.510.950.480.000.000;9269;95;684576.00;7346;79.25;2.55;-1.40
18-Nov-16;75.00;76.00;74.25;74.75;75.202.731.240.320.900.000;7103;63;534165.00;5732;80.70;1.75;-0.25
17-Nov-16;75.95;76.80;74.25;74.95;75.863.104.647.486.500.000;6326;80;479910.00;4238;66.99;2.55;-1.00
16-Nov-16;77.00;77.00;74.30;75.15;75.478.561.549.100.900.000;5784;92;436568.00;3603;62.29;2.70;-1.85
15-Nov-16;75.00;75.70;72.50;74.35;74.315.264.578.200.100.000;8523;113;633389.00;4714;55.31;3.20;-0.65
11-Nov-16;77.45;77.50;74.90;74.90;75.634.632.034.632.000.000;1155;29;87358.00;806;69.78;2.60;-2.55
10-Nov-16;77.40;78.00;76.55;77.05;77.514.533.622.559.600.000;2305;32;178671.00;1881;81.61;1.45;-0.35
09-Nov-16;72.25;75.80;70.65;75.40;73.287.958.765.447.400.000;16103;129;1180156.00;7515;46.67;5.15;3.15
08-Nov-16;78.35;78.35;76.25;76.95;76.819.951.338.199.500.000;4521;69;347303.00;2638;58.35;2.10;-1.40
07-Nov-16;79.20;79.20;77.40;77.55;77.938.589.540.412.000.000;2524;34;196717.00;2097;83.08;1.80;-1.65
04-Nov-16;79.25;79.25;75.00;76.05;76.579.017.923.638.300.000;20141;153;1542378.00;13863;68.83;4.25;-3.20
03-Nov-16;81.00;81.85;78.55;78.95;79.717.142.443.124.100.000;6901;96;550128.00;5621;81.45;3.30;-2.05
02-Nov-16;83.00;83.00;80.40;81.10;81.538.033.086.707.100.000;12029;143;980821.00;6668;55.43;2.60;-1.90
01-Nov-16;77.05;84.00;77.05;83.15;81.897.499.911.469.900.000;56478;537;4625407.00;20179;35.73;6.95;6.10
30-Oct-16;79.75;81.00;78.60;78.95;79.065.890.447.208.200.000;3779;56;298790.00;2348;62.13;2.40;-0.80
28-Oct-16;78.20;79.10;78.10;78.15;78.744.357.638.888.800.000;2304;39;181427.00;1745;75.74;1.00;-0.05
27-Oct-16;79.60;79.80;78.10;78.65;78.810.382.754.069.500.000;4546;69;358272.00;3401;74.81;1.70;-0.95
26-Oct-16;78.00;79.40;77.30;78.00;78.206.985.335.273.700.000;8933;101;698623.00;5445;60.95;2.10;0.00
25-Oct-16;79.00;79.30;78.00;78.55;78.557.535.263.548.600.000;2694;44;211634.00;2129;79.03;1.30;-0.45
24-Oct-16;78.60;82.00;78.55;79.75;80.693.153.826.552.200.000;23546;410;1900001.00;8949;38.01;3.45;1.15
21-Oct-16;76.00;79.80;76.00;78.85;78.978.324.380.360.000.000;10611;129;838039.00;6734;63.46;3.80;2.85
20-Oct-16;77.00;80.55;77.00;78.60;79.217.244.785.311.700.000;34422;253;2726816.00;19631;57.03;3.55;1.60
19-Oct-16;76.20;77.45;76.20;76.55;76.744.565.951.127.300.000;7407;88;568447.00;6428;86.78;1.25;0.35
18-Oct-16;76.35;78.40;76.00;76.00;76.807.711.381.105.800.000;8066;110;619531.00;5477;67.90;2.40;-0.35
17-Oct-16;77.25;77.25;75.30;75.55;76.350.415.012.630.800.000;5542;58;423134.00;3783;68.26;1.95;-1.70
14-Oct-16;77.80;78.00;75.10;75.70;76.245.250.727.366.000.000;5843;62;445501.00;4345;74.36;2.90;-2.10
13-Oct-16;76.10;78.70;73.50;76.70;75.554.828.740.664.400.000;19415;185;1466897.00;10296;53.03;5.20;0.60
10-Oct-16;76.00;80.00;76.00;77.20;77.683.968.926.553.600.000;5664;68;440002.00;4042;71.36;4.00;1.20
07-Oct-16;76.80;77.90;76.65;76.65;77.303.113.052.976.500.000;3662;53;283084.00;2375;64.86;1.25;-0.15
06-Oct-16;76.95;79.00;75.40;76.85;77.497.630.331.753.500.000;14559;260;1128288.00;7015;48.18;3.60;-0.10
05-Oct-16;75.80;79.55;75.80;76.70;77.742.097.845.782.100.000;9934;177;772290.00;5049;50.83;3.75;0.90
04-Oct-16;75.00;77.00;73.05;74.80;75.179.971.988.795.500.000;9996;106;751499.00;2873;28.74;3.95;-0.20
03-Oct-16;74.80;75.70;73.55;75.00;74.513.666.139.597.900.000;4427;61;329872.00;3751;84.73;2.15;0.20
30-Sep-16;70.10;74.25;70.10;73.00;73.144.162.279.343.400.000;6458;85;472365.00;5167;80.01;4.15;2.90
29-Sep-16;77.25;77.25;71.05;72.90;73.844.333.865.364.700.000;10651;126;786516.00;8376;78.64;6.20;-4.35
28-Sep-16;77.15;78.00;75.55;76.30;76.648.959.608.323.100.000;8170;112;626222.00;4382;53.64;2.45;-0.85
27-Sep-16;75.75;77.35;75.20;75.30;75.882.833.787.465.900.000;1835;35;139245.00;1311;71.44;2.15;-0.45
26-Sep-16;77.20;77.35;75.45;76.70;76.180.781.044.317.600.000;2279;35;173616.00;1589;69.72;1.90;-0.50
23-Sep-16;77.15;77.25;76.30;76.85;76.905.363.244.688.700.000;6731;67;517650.00;4353;64.67;0.95;-0.30
22-Sep-16;79.10;79.60;77.00;77.65;77.867.174.422.497.400.000;11948;122;930357.00;7968;66.69;2.60;-1.45
21-Sep-16;79.00;80.45;78.25;78.60;79.431.333.045.522.100.000;20847;358;1655905.00;12774;61.28;2.20;-0.40
20-Sep-16;76.90;78.30;75.35;76.65;77.455.632.582.322.300.000;17310;174;1340757.00;12494;72.18;2.95;-0.25
19-Sep-16;76.30;76.30;74.10;74.45;74.880.497.807.947.900.000;7071;89;529480.00;4391;62.10;2.20;-1.85
16-Sep-16;74.70;79.00;73.75;74.35;75.999.102.434.646.000.000;17826;326;1354760.00;7715;43.28;5.25;-0.35
15-Sep-16;74.30;74.30;73.95;74.00;74.045.252.225.519.200.000;2696;38;199626.00;2646;98.15;0.35;-0.30
14-Sep-16;72.65;75.00;72.65;73.25;73.465.498.825.037.300.000;4681;46;343892.00;4170;89.08;2.35;0.60
12-Sep-16;72.50;74.80;72.50;74.00;74.148.543.290.931.400.000;2437;34;180700.00;1847;75.79;2.30;1.50
09-Sep-16;75.55;75.55;73.80;74.10;74.376.670.201.484.600.000;4715;47;350686.00;4315;91.52;1.75;-1.45
08-Sep-16;75.80;75.80;74.25;74.95;74.846.420.015.970.100.000;3757;57;281198.00;2799;74.50;1.55;-0.85
07-Sep-16;74.75;75.70;74.25;74.90;74.718.935.361.216.700.000;6575;93;491277.00;4600;69.96;1.45;0.15
06-Sep-16;75.30;75.30;74.15;74.45;74.567.511.425.010.300.000;2407;29;179484.00;1810;75.20;1.15;-0.85
02-Sep-16;74.70;75.00;74.25;74.95;74.851.660.516.605.100.000;1355;17;101424.00;1255;92.62;0.75;0.25
01-Sep-16;74.65;75.00;74.10;74.20;74.485.742.379.547.600.000;3051;40;227256.00;1951;63.95;0.90;-0.45
31-Aug-16;75.65;75.75;74.65;74.70;75.344.189.991.518.200.000;5895;47;444154.00;4675;79.30;1.10;-0.95
30-Aug-16;75.10;75.90;74.50;74.65;75.079.858.272.008.700.000;3669;56;275468.00;2583;70.40;1.40;-0.45
29-Aug-16;74.60;75.00;74.15;74.70;74.777.371.149.740.700.000;3279;54;245195.00;2764;84.29;0.85;0.10
26-Aug-16;75.90;75.90;74.40;74.65;74.650.717.703.349.200.000;627;12;46806.00;504;80.38;1.50;-1.25
25-Aug-16;75.80;75.90;74.50;74.50;75.414.550.264.550.200.000;3780;52;285067.00;2592;68.57;1.40;-1.30
24-Aug-16;74.00;75.40;73.60;75.10;74.482.862.297.053.500.000;3326;44;247730.00;2875;86.44;1.80;1.10
23-Aug-16;73.60;75.40;73.30;73.75;74.018.400.000.000.000.000;1250;32;92523.00;766;61.28;2.10;0.15
22-Aug-16;73.50;75.50;73.10;74.05;74.193.773.930.414.500.000;6007;76;445682.00;4090;68.09;2.40;0.55
19-Aug-16;73.30;75.00;73.20;74.25;74.343.283.582.089.500.000;2680;51;199240.00;1535;57.28;1.80;0.95
18-Aug-16;73.70;75.65;73.00;73.25;74.155.368.301.458.000.000;10562;108;783229.00;5104;48.32;2.65;-0.45
17-Aug-16;72.95;73.30;72.50;73.25;72.901.767.151.767.100.000;5772;72;420789.00;3821;66.20;0.80;0.30
16-Aug-16;75.10;75.15;72.00;72.05;72.619.460.311.207.400.000;10154;92;737378.00;7981;78.60;3.15;-3.05
12-Aug-16;74.75;75.65;73.50;73.70;74.163.630.341.172.500.000;3019;59;223900.00;2322;76.91;2.15;-1.05
11-Aug-16;74.05;75.15;74.00;74.20;74.362.415.672.029.000.000;15416;170;1146371.00;11212;72.73;1.15;0.15
10-Aug-16;78.10;78.10;76.95;77.05;77.409.338.705.854.400.000;4219;42;326590.00;3130;74.19;1.15;-1.05
09-Aug-16;78.15;79.35;77.30;77.35;78.018.794.353.895.300.000;12823;141;1000435.00;7543;58.82;2.05;-0.80
08-Aug-16;77.15;79.70;77.15;78.50;78.881.987.577.639.700.000;1127;27;88900.00;967;85.80;2.55;1.35
05-Aug-16;79.80;79.80;77.45;77.85;78.555.987.055.016.100.000;13905;130;1092321.00;9203;66.18;2.35;-1.95
04-Aug-16;78.80;81.50;78.00;78.40;78.551.312.274.084.500.000;6363;141;499822.00;3761;59.11;3.50;-0.40
03-Aug-16;78.85;79.00;77.50;77.65;78.047.196.408.060.900.000;9577;105;747458.00;7477;78.07;1.50;-1.20
02-Aug-16;80.75;80.75;79.60;79.90;80.003.397.027.600.800.000;2355;35;188408.00;1885;80.04;1.15;-0.85
01-Aug-16;84.00;84.00;80.30;80.90;82.068.502.962.818.200.000;15357;201;1260326.00;9578;62.37;3.70;-3.10
29-Jul-16;78.50;87.00;78.00;82.60;82.761.186.276.593.200.000;42351;680;3505019.00;20397;48.16;9.00;4.10
28-Jul-16;78.45;79.10;78.00;78.80;78.537.081.560.939.500.000;5407;69;424650.00;3837;70.96;1.10;0.35
27-Jul-16;79.50;80.10;77.80;78.05;78.440.749.586.625.000.000;5443;74;426953.00;4771;87.65;2.30;-1.45
26-Jul-16;80.95;81.00;78.65;79.30;80.137.538.252.295.100.000;5882;75;471369.00;3867;65.74;2.35;-1.65
25-Jul-16;79.15;80.50;79.15;79.60;79.726.689.576.174.100.000;4365;58;348007.00;3325;76.17;1.35;0.45
22-Jul-16;80.55;80.55;79.50;79.75;79.902.942.694.889.000.000;9685;86;773860.00;7550;77.96;1.05;-0.80
21-Jul-16;80.85;81.55;80.10;81.35;80.960.777.957.860.600.000;6170;71;499528.00;4743;76.87;1.45;0.50
20-Jul-16;80.70;82.00;80.55;80.95;81.598.734.177.215.100.000;7900;61;644630.00;6847;86.67;1.45;0.25
19-Jul-16;81.50;82.25;80.00;80.65;81.423.711.573.236.800.000;8848;113;720437.00;6054;68.42;2.25;-0.85
18-Jul-16;81.45;82.80;80.00;80.65;81.471.416.209.979.800.000;17335;257;1412307.00;11684;67.40;2.80;-0.80
15-Jul-16;81.10;82.85;80.65;81.35;81.776.923.897.961.300.000;28107;310;2298504.00;11084;39.44;2.20;0.25
14-Jul-16;78.30;84.80;78.00;81.50;81.681.642.309.893.300.000;117079;1143;9563205.00;42186;36.03;6.80;3.20
13-Jul-16;77.45;79.00;77.00;77.25;77.686.404.547.607.700.000;8444;123;655984.00;3831;45.37;2.00;-0.20
12-Jul-16;77.20;78.25;76.50;76.65;77.210.724.233.983.200.000;7180;79;554373.00;5444;75.82;1.75;-0.55
11-Jul-16;77.15;77.25;75.75;76.65;76.403.355.536.006.000.000;15914;170;1215883.00;12048;75.71;1.50;-0.50
08-Jul-16;78.00;78.00;75.90;76.15;76.580.996.370.834.700.000;9093;94;696351.00;6869;75.54;2.10;-1.85
07-Jul-16;77.80;79.50;77.40;78.35;78.618.142.313.959.800.000;7364;132;578944.00;4736;64.31;2.10;0.55
05-Jul-16;76.90;78.00;76.90;77.60;77.351.673.544.245.700.000;4362;68;337408.00;3081;70.63;1.10;0.70
04-Jul-16;77.65;78.20;76.90;77.30;77.495.704.146.432.500.000;8031;91;622368.00;5135;63.94;1.30;-0.35
01-Jul-16;77.00;78.10;76.00;76.55;77.527.032.359.905.200.000;15204;171;1178721.00;11791;77.55;2.10;-0.45
30-Jun-16;78.45;78.45;76.20;76.80;77.461.148.648.648.600.000;7104;82;550284.00;3644;51.30;2.25;-1.65
29-Jun-16;80.25;80.25;78.00;78.30;78.802.764.132.878.100.000;12011;177;946500.00;6360;52.95;2.25;-1.95
28-Jun-16;75.00;80.85;75.00;79.55;78.983.293.924.128.700.000;77816;655;6146164.00;18113;23.28;5.85;4.55
27-Jun-16;74.90;75.00;73.75;74.15;74.437.511.503.773.200.000;5433;110;404419.00;2578;47.45;1.25;-0.75
24-Jun-16;72.50;75.60;72.00;74.95;74.202.521.640.948.400.000;26570;275;1971561.00;17700;66.62;3.60;2.45
23-Jun-16;74.20;75.20;74.00;74.35;74.433.794.466.403.100.000;3036;51;225981.00;1944;64.03;1.20;0.15
22-Jun-16;77.50;77.50;74.35;74.60;75.027.405.163.709.700.000;6933;128;520165.00;4595;66.28;3.15;-2.90
21-Jun-16;76.70;77.10;74.00;75.05;75.074.031.505.645.300.000;14791;161;1110420.00;11723;79.26;3.10;-1.65
20-Jun-16;77.75;79.00;76.50;76.70;77.339.777.670.372.100.000;10345;100;800080.00;8391;81.11;2.50;-1.05
17-Jun-16;79.60;81.00;78.20;79.40;79.613.089.112.986.200.000;29154;255;2321040.00;14317;49.11;2.80;-0.20
16-Jun-16;80.80;80.80;76.80;78.40;78.131.940.748.625.100.000;22548;290;1761719.00;12952;57.44;4.00;-2.40
15-Jun-16;73.95;83.00;73.15;80.30;79.799.773.997.495.600.000;98229;861;7838652.00;27761;28.26;9.85;6.35
14-Jun-16;74.05;74.05;73.00;73.00;73.143.668.370.244.100.000;1761;27;128806.00;1654;93.92;1.05;-1.05
13-Jun-16;73.65;73.90;73.15;73.30;73.454.592.811.251.900.000;5759;67;423025.00;4475;77.70;0.75;-0.35
10-Jun-16;74.45;74.75;73.70;73.90;74.186.939.820.742.600.000;781;17;57940.00;641;82.07;1.05;-0.55
09-Jun-16;73.50;75.50;73.00;73.10;73.805.489.858.811.700.000;13953;939;1029808.00;3455;24.76;2.50;-0.40
08-Jun-16;73.10;74.20;71.80;73.80;73.565.487.048.522.400.000;5482;72;403286.00;3770;68.77;2.40;0.70
07-Jun-16;72.70;73.75;72.60;73.50;73.475.742.215.785.600.000;1381;18;101470.00;852;61.69;1.15;0.80
06-Jun-16;74.00;74.00;72.00;73.50;73.059.618.441.971.300.000;6290;88;459545.00;4541;72.19;2.00;-0.50
03-Jun-16;74.00;74.55;73.00;73.10;73.352.768.456.375.800.000;2384;29;174873.00;2279;95.60;1.55;-0.90
02-Jun-16;74.75;75.65;73.10;73.95;74.075.329.039.484.700.000;3571;38;264523.00;1406;39.37;2.55;-0.80
01-Jun-16;74.50;74.75;73.10;73.15;74.012.050.932.241.900.000;4398;83;325505.00;2903;66.01;1.65;-1.35
31-May-16;74.10;74.10;73.55;73.55;73.898.887.765.419.600.000;989;20;73086.00;939;94.94;0.55;-0.55
30-May-16;74.60;74.60;74.00;74.30;74.073.274.199.768.600.000;2593;20;192072.00;2524;97.34;0.60;-0.30
27-May-16;74.20;75.50;73.95;74.65;74.579.374.746.244.400.000;2463;34;183689.00;2354;95.57;1.55;0.45
26-May-16;77.55;77.55;74.00;74.20;74.657.394.843.962.000.000;1474;32;110045.00;1197;81.21;3.55;-3.35
25-May-16;76.30;76.30;74.30;74.50;75.224.878.444.084.200.000;2468;50;185655.00;848;34.36;2.00;-1.80
24-May-16;74.00;77.00;74.00;75.30;75.903.181.316.660.500.000;10876;178;825523.00;7069;65.00;3.00;1.30
23-May-16;73.90;75.00;73.00;73.25;73.271.246.593.051.800.000;121443;91;8898280.00;119014;98.00;2.00;-0.65
20-May-16;73.20;73.20;71.90;72.70;72.405.715.208.266.000.000;6194;74;448481.00;3273;52.84;1.30;-0.50
19-May-16;74.00;74.85;72.30;73.40;73.549.480.519.480.500.000;7700;55;566331.00;6849;88.95;2.55;-0.60
18-May-16;74.10;74.45;73.30;73.75;73.667.626.630.526.800.000;5903;69;434860.00;4635;78.52;1.15;-0.35
17-May-16;75.70;75.75;74.25;74.70;74.737.577.365.163.500.000;5655;76;422641.00;3919;69.30;1.50;-1.00
16-May-16;75.55;75.85;74.85;75.05;75.255.131.964.809.300.000;3410;58;256620.00;2089;61.26;1.00;-0.50
13-May-16;79.80;79.80;76.10;76.55;76.901.112.995.986.500.000;24169;420;1858623.00;10352;42.83;3.70;-3.25
12-May-16;77.60;79.70;76.65;78.70;78.124.528.047.464.900.000;14832;249;1158743.00;6010;40.52;3.05;1.10
11-May-16;77.00;77.50;76.30;77.05;76.712.318.286.151.400.000;1307;25;100263.00;1225;93.73;1.20;0.05
10-May-16;76.30;77.25;76.30;77.20;76.859.943.977.591.000.000;714;20;54878.00;300;42.02;0.95;0.90
09-May-16;77.00;77.50;76.10;76.60;76.625.627.540.043.000.000;4183;65;320525.00;2581;61.70;1.40;-0.40
06-May-16;76.35;77.80;76.20;77.50;76.704.227.875.313.500.000;5582;81;428163.00;3283;58.81;1.60;1.15
05-May-16;77.05;77.95;77.00;77.35;77.539.556.299.706.900.000;2389;36;185242.00;1488;62.29;0.95;0.30
04-May-16;76.50;79.30;74.50;77.90;76.891.244.908.208.200.000;17921;300;1377968.00;7676;42.83;4.80;1.40
03-May-16;78.85;78.90;76.40;76.45;77.261.363.636.363.600.000;6688;77;516724.00;5554;83.04;2.50;-2.40
02-May-16;78.40;79.00;77.50;77.70;78.277.502.001.601.200.000;6245;72;488843.00;2580;41.31;1.50;-0.70
29-Apr-16;79.45;81.60;79.25;79.65;80.234.773.179.107.100.000;16599;231;1331817.00;9401;56.64;2.35;0.20
28-Apr-16;79.20;79.25;77.50;77.60;78.155.907.429.963.400.000;2463;52;192498.00;1385;56.23;1.75;-1.60
27-Apr-16;79.45;79.55;78.50;78.55;79.287.329.351.535.800.000;4688;87;371699.00;3831;81.72;1.05;-0.90
26-Apr-16;77.90;81.20;77.90;78.70;79.692.577.991.086.700.000;23336;290;1859706.00;8550;36.64;3.30;0.80
25-Apr-16;77.25;78.90;77.15;77.90;77.843.348.528.802.300.000;2413;53;187836.00;1990;82.47;1.75;0.65
22-Apr-16;78.30;78.70;77.50;77.50;78.275.712.025.316.400.000;5056;44;395762.00;4225;83.56;1.20;-0.80
21-Apr-16;77.10;79.70;77.10;78.25;78.554.746.596.066.500.000;10576;326;830795.00;6706;63.41;2.60;1.15
20-Apr-16;78.90;78.90;76.50;77.30;77.310.091.429.547.900.000;11703;173;904760.00;6701;57.26;2.40;-1.60
18-Apr-16;76.10;81.35;74.10;78.75;78.951.208.049.018.200.000;57448;770;4535589.00;22118;38.50;7.25;2.65
13-Apr-16;74.00;76.50;74.00;74.60;75.204.178.234.946.000.000;21971;370;1652311.00;11141;50.71;2.50;0.60
12-Apr-16;74.30;75.00;73.55;73.95;74.297.239.346.019.800.000;3731;64;277203.00;2256;60.47;1.45;-0.35
11-Apr-16;73.00;74.90;72.70;74.45;74.040.653.261.919.300.000;11389;477;843249.00;6846;60.11;2.20;1.45
08-Apr-16;72.05;74.00;72.05;72.75;72.957.564.876.774.900.000;6127;121;447011.00;4168;68.03;1.95;0.70
07-Apr-16;72.75;73.40;72.15;72.45;72.721.257.625.527.900.000;4262;86;309938.00;2391;56.10;1.25;-0.30
06-Apr-16;70.75;73.25;70.75;72.65;72.157.075.471.698.100.000;8480;107;611892.00;5963;70.32;2.50;1.90
05-Apr-16;71.90;72.70;71.00;71.55;71.729.704.451.926.600.000;10692;122;766934.00;4057;37.94;1.70;-0.35
04-Apr-16;72.60;73.00;72.10;72.75;72.682.253.313.696.600.000;5432;94;394810.00;4530;83.39;0.90;0.15
01-Apr-16;71.15;72.50;71.10;72.20;71.994.852.941.176.400.000;8160;138;587478.00;4787;58.66;1.40;1.05
31-Mar-16;73.05;73.30;71.15;71.40;72.138.357.705.286.800.000;17780;178;1282620.00;11245;63.25;2.15;-1.65
30-Mar-16;72.00;74.50;71.60;73.10;72.838.565.956.029.300.000;24016;361;1749291.00;11301;47.06;2.90;1.10
29-Mar-16;72.45;75.60;70.30;70.85;71.598.835.298.463.000.000;2260665;2870;161860981.00;2064112;91.31;5.30;-1.60
28-Mar-16;75.50;75.50;71.50;72.10;72.961.441.767.181.700.000;106203;615;7748724.00;67989;64.02;4.00;-3.40
23-Mar-16;72.00;79.85;71.05;75.80;71.236.846.992.730.100.000;6014309;2018;428440410.00;5882996;97.82;8.80;3.80
22-Mar-16;72.70;72.70;70.80;71.75;71.418.545.878.693.600.000;10288;75;734754.00;8377;81.42;1.90;-0.95
21-Mar-16;71.70;73.45;71.00;73.05;71.962.608.524.072.600.000;10136;112;729413.00;7582;74.80;2.45;1.35
18-Mar-16;71.25;71.60;70.55;70.85;71.238.678.090.575.200.000;4902;61;349212.00;3431;69.99;1.05;-0.40
17-Mar-16;69.75;71.50;69.75;70.90;70.622.837.370.242.200.000;8959;51;632710.00;7866;87.80;1.75;1.15
16-Mar-16;69.45;70.00;68.80;69.15;69.320.832.585.680.900.000;5573;81;386325.00;3672;65.89;1.20;-0.30
15-Mar-16;69.40;69.95;69.00;69.45;69.437.434.719.030.700.000;4787;51;332397.00;3613;75.48;0.95;0.05
14-Mar-16;70.00;70.25;69.00;69.60;69.536.641.852.770.800.000;6045;99;420349.00;4975;82.30;1.25;-0.40
11-Mar-16;69.60;70.45;69.30;69.80;69.751.670.618.667.800.000;4639;51;323578.00;3449;74.35;1.15;0.20
10-Mar-16;69.00;70.50;69.00;69.90;69.509.958.200.147.500.000;8134;58;565394.00;6785;83.42;1.50;0.90
09-Mar-16;70.90;70.90;68.00;69.25;68.664.556.962.025.300.000;1106;32;75943.00;842;76.13;2.90;-1.65
08-Mar-16;69.95;71.40;68.80;68.95;69.992.912.588.592.600.000;5926;105;414778.00;2797;47.20;2.60;-1.00
04-Mar-16;68.35;69.80;68.25;68.50;68.658.869.395.711.500.000;1026;19;70444.00;911;88.79;1.55;0.15
03-Mar-16;67.70;69.65;67.70;69.20;68.772.245.550.889.800.000;5001;68;343930.00;4708;94.14;1.95;1.50
02-Mar-16;67.95;68.90;67.50;68.20;67.695.744.680.851.000.000;12220;59;827242.00;11707;95.80;1.40;0.25
01-Mar-16;66.00;71.40;66.00;67.65;67.135.269.530.123.900.000;13876;118;931569.00;12156;87.60;5.40;1.65
29-Feb-16;66.25;67.10;66.00;66.05;66.281.699.346.405.200.000;1530;39;101411.00;1086;70.98;1.10;-0.20
26-Feb-16;67.00;67.20;66.00;66.40;66.820.888.238.164.900.000;6147;86;410748.00;5106;83.06;1.20;-0.60
25-Feb-16;65.00;66.10;64.20;65.50;65.313.089.864.587.600.000;4874;49;318336.00;3161;64.85;1.90;0.50
24-Feb-16;66.60;67.00;64.50;65.35;65.113.184.460.079.500.000;3269;66;212855.00;2759;84.40;2.50;-1.25
23-Feb-16;67.60;67.60;65.50;66.15;66.642.893.018.583.600.000;11946;113;796116.00;9463;79.21;2.10;-1.45
22-Feb-16;66.95;68.00;66.10;66.70;67.349.623.146.122.000.000;4113;101;277009.00;2223;54.05;1.90;-0.25
19-Feb-16;64.85;65.95;64.85;65.50;65.345.259.391.771.000.000;1118;22;73056.00;694;62.08;1.10;0.65
18-Feb-16;65.85;66.10;64.60;64.85;65.265.839.320.705.400.000;3062;74;199844.00;2392;78.12;1.50;-1.00
17-Feb-16;65.90;67.10;65.00;65.45;65.924.721.064.659.200.000;37195;83;2452070.00;36007;96.81;2.10;-0.45
16-Feb-16;67.00;67.35;66.05;66.70;66.821.524.422.973.600.000;7452;201;497954.00;4922;66.05;1.30;-0.30
15-Feb-16;66.90;67.85;66.10;67.10;66.205.887.286.145.500.000;23848;75;1578878.00;23151;97.08;1.75;0.20
12-Feb-16;69.00;70.00;64.60;65.15;66.433.379.386.570.800.000;18095;210;1202112.00;14437;79.78;5.40;-3.85
11-Feb-16;71.90;73.00;69.00;69.70;71.019.575.703.648.100.000;21353;907;1516481.00;17008;79.65;4.00;-2.20
10-Feb-16;72.15;73.00;71.10;72.50;72.262.709.860.487.100.000;4229;99;305599.00;3079;72.81;1.90;0.35
09-Feb-16;73.00;73.85;72.75;73.65;73.333.333.333.333.300.000;2130;37;156200.00;1719;80.70;1.10;0.65
08-Feb-16;72.90;73.55;72.05;73.00;72.967.597.765.363.100.000;1790;48;130612.00;1354;75.64;1.50;0.10
05-Feb-16;72.00;73.45;72.00;72.90;72.621.519.939.804.300.000;1329;39;96514.00;800;60.20;1.45;0.90
04-Feb-16;72.15;72.80;72.00;72.10;72.131.147.540.983.600.000;976;18;70400.00;725;74.28;0.80;-0.05
03-Feb-16;73.00;73.00;70.25;72.25;71.414.308.314.290.700.000;5689;122;406276.00;3804;66.87;2.75;-0.75
02-Feb-16;74.10;74.20;73.50;73.60;73.827.160.493.827.100.000;1539;31;113620.00;1337;86.87;0.70;-0.50
01-Feb-16;75.15;76.25;73.50;73.70;74.593.388.840.561.700.000;8047;157;600253.00;4048;50.30;2.75;-1.45
29-Jan-16;74.20;74.95;73.50;73.65;73.783.620.015.637.200.000;5116;43;377477.00;4424;86.47;1.45;-0.55
28-Jan-16;76.40;76.90;74.00;74.50;75.414.305.197.757.200.000;6599;127;497659.00;4190;63.49;2.90;-1.90
27-Jan-16;77.00;78.50;76.50;77.35;77.711.428.319.675.700.000;11349;240;881947.00;3378;29.76;2.00;0.35
25-Jan-16;75.90;76.50;74.25;76.30;76.148.130.081.300.800.000;6150;129;468311.00;4050;65.85;2.25;0.40
22-Jan-16;75.00;75.15;73.60;74.20;74.689.194.713.176.100.000;7339;327;548144.00;5202;70.88;1.55;-0.80
21-Jan-16;76.00;76.00;73.70;74.25;74.569.399.612.653.300.000;3098;51;231016.00;2299;74.21;2.30;-1.75
20-Jan-16;73.35;74.70;73.00;74.10;73.857.183.019.398.300.000;7114;149;525420.00;5819;81.80;1.70;0.75
19-Jan-16;73.15;75.80;72.90;74.55;74.266.909.814.323.600.000;3016;140;223989.00;1962;65.05;2.90;1.40
18-Jan-16;74.60;74.85;72.00;73.45;73.195.035.460.992.900.000;10716;217;784358.00;7304;68.16;2.85;-1.15
15-Jan-16;77.25;77.65;74.00;74.50;75.757.517.482.517.400.000;5720;78;433333.00;3892;68.04;3.65;-2.75
14-Jan-16;76.50;77.20;75.10;76.40;76.394.816.560.080.700.000;5942;111;453938.00;2339;39.36;2.10;-0.10
13-Jan-16;80.60;80.60;76.00;77.40;77.436.402.096.937.300.000;10873;164;841966.00;7313;67.26;4.60;-3.20
12-Jan-16;79.00;82.20;78.60;79.95;79.992.028.343.666.900.000;5645;80;451555.00;2222;39.36;3.60;0.95
11-Jan-16;80.50;81.25;79.75;80.20;80.234.854.507.870.800.000;6289;100;504597.00;4474;71.14;1.50;-0.30
08-Jan-16;82.15;83.10;80.60;80.95;81.350.606.909.430.400.000;6426;112;522759.00;4185;65.13;2.50;-1.20
07-Jan-16;82.30;82.90;81.10;82.30;82.014.098.690.835.800.000;11916;183;977280.00;8711;73.10;1.80;0.00
06-Jan-16;85.50;86.50;84.00;84.50;85.167.684.866.997.500.000;15714;181;1338325.00;9788;62.29;2.50;-1.00
05-Jan-16;86.35;87.00;85.75;86.25;86.360.251.655.007.200.000;21299;274;1839387.00;14913;70.02;1.25;-0.10
04-Jan-16;84.40;88.70;84.00;86.35;85.813.880.332.918.200.000;45777;588;3928302.00;16591;36.24;4.70;1.95
01-Jan-16;85.10;86.75;84.05;86.25;85.827.389.892.075.000.000;28631;437;2457324.00;14060;49.11;2.70;1.15
